alpha,q_fraction_downgraded,beta_downgraded_strength,role,mean_coverage_percent,median_coverage_percent,p05_coverage_percent,p95_coverage_percent,min_coverage_percent,max_coverage_percent
0.0,0.1,0.85,Penetration Tester,74.76325,75.0,73.75,75.0,72.5,75.0
0.0,0.1,0.85,Cybersecurity Implementer,72.59854545454547,72.72727272727273,71.36363636363637,72.72727272727273,71.36363636363637,72.72727272727273
0.0,0.1,0.85,Cyber Threat Intelligence Specialist,60.92784615384615,61.53846153846154,56.92307692307692,61.53846153846154,55.769230769230774,61.53846153846154
0.0,0.1,0.85,Cyber Incident Responder,45.84369230769231,46.15384615384615,43.84615384615385,46.15384615384615,42.69230769230769,46.15384615384615
0.0,0.1,0.85,Digital Forensics Investigator,45.84369230769231,46.15384615384615,43.84615384615385,46.15384615384615,42.69230769230769,46.15384615384615
0.0,0.1,0.85,Cybersecurity Risk Manager,49.7384,50.0,47.00000000000001,50.0,47.00000000000001,50.0
0.0,0.1,0.85,Cybersecurity Architect,39.8254,40.0,38.0,40.0,38.0,40.0
0.0,0.1,0.85,Cybersecurity Auditor,12.5,12.5,12.5,12.5,12.5,12.5
0.0,0.1,0.85,"Cyber Legal, Policy & Compliance Officer",0.0,0.0,0.0,0.0,0.0,0.0
0.0,0.1,0.85,Cybersecurity Educator,37.332750000000004,37.5,35.625,37.5,35.625,37.5
0.0,0.1,0.85,Chief Information Security Officer (CISO),9.090909090909092,9.090909090909092,9.090909090909092,9.090909090909092,9.090909090909092,9.090909090909092
0.0,0.1,0.85,Cybersecurity Researcher,0.0,0.0,0.0,0.0,0.0,0.0
0.0,0.1,0.75,Penetration Tester,74.60541666666667,75.0,72.91666666666667,75.0,70.83333333333334,75.0
0.0,0.1,0.75,Cybersecurity Implementer,72.51272727272729,72.72727272727273,70.45454545454547,72.72727272727273,70.45454545454547,72.72727272727273
0.0,0.1,0.75,Cyber Threat Intelligence Specialist,60.520769230769226,61.53846153846154,53.846153846153854,61.53846153846154,51.92307692307693,61.53846153846154
0.0,0.1,0.75,Cyber Incident Responder,45.63692307692308,46.15384615384615,42.307692307692314,46.15384615384615,40.384615384615394,46.15384615384615
0.0,0.1,0.75,Digital Forensics Investigator,45.63692307692308,46.15384615384615,42.307692307692314,46.15384615384615,40.384615384615394,46.15384615384615
0.0,0.1,0.75,Cybersecurity Risk Manager,49.56400000000001,50.0,45.00000000000001,50.0,45.00000000000001,50.0
0.0,0.1,0.75,Cybersecurity Architect,39.708999999999996,40.0,36.666666666666664,40.0,36.666666666666664,40.0
0.0,0.1,0.75,Cybersecurity Auditor,12.5,12.5,12.5,12.5,12.5,12.5
0.0,0.1,0.75,"Cyber Legal, Policy & Compliance Officer",0.0,0.0,0.0,0.0,0.0,0.0
0.0,0.1,0.75,Cybersecurity Educator,37.22125,37.5,34.375,37.5,34.375,37.5
0.0,0.1,0.75,Chief Information Security Officer (CISO),9.090909090909092,9.090909090909092,9.090909090909092,9.090909090909092,9.090909090909092,9.090909090909092
0.0,0.1,0.75,Cybersecurity Researcher,0.0,0.0,0.0,0.0,0.0,0.0
0.0,0.1,0.5,Penetration Tester,74.21083333333333,75.0,70.83333333333334,75.0,66.66666666666666,75.0
0.0,0.1,0.5,Cybersecurity Implementer,72.29818181818183,72.72727272727273,68.18181818181819,72.72727272727273,68.18181818181819,72.72727272727273
0.0,0.1,0.5,Cyber Threat Intelligence Specialist,59.50307692307691,61.53846153846154,46.15384615384615,61.53846153846154,42.307692307692314,61.53846153846154
0.0,0.1,0.5,Cyber Incident Responder,45.12,46.15384615384615,38.46153846153847,46.15384615384615,34.61538461538461,46.15384615384615
0.0,0.1,0.5,Digital Forensics Investigator,45.12,46.15384615384615,38.46153846153847,46.15384615384615,34.61538461538462,46.15384615384615
0.0,0.1,0.5,Cybersecurity Risk Manager,49.128,50.0,40.0,50.0,40.0,50.0
0.0,0.1,0.5,Cybersecurity Architect,39.41799999999999,40.0,33.33333333333333,40.0,33.33333333333333,40.0
0.0,0.1,0.5,Cybersecurity Auditor,12.5,12.5,12.5,12.5,12.5,12.5
0.0,0.1,0.5,"Cyber Legal, Policy & Compliance Officer",0.0,0.0,0.0,0.0,0.0,0.0
0.0,0.1,0.5,Cybersecurity Educator,36.9425,37.5,31.25,37.5,31.25,37.5
0.0,0.1,0.5,Chief Information Security Officer (CISO),9.090909090909092,9.090909090909092,9.090909090909092,9.090909090909092,9.090909090909092,9.090909090909092
0.0,0.1,0.5,Cybersecurity Researcher,0.0,0.0,0.0,0.0,0.0,0.0
0.0,0.1,0.3,Penetration Tester,73.89516666666667,75.0,69.16666666666667,75.0,63.33333333333333,75.0
0.0,0.1,0.3,Cybersecurity Implementer,72.12654545454546,72.72727272727273,66.36363636363637,72.72727272727273,66.36363636363637,72.72727272727273
0.0,0.1,0.3,Cyber Threat Intelligence Specialist,58.688923076923075,61.53846153846154,40.0,61.53846153846154,34.61538461538461,61.53846153846154
0.0,0.1,0.3,Cyber Incident Responder,44.70646153846155,46.15384615384615,35.38461538461538,46.15384615384615,29.999999999999993,46.15384615384615
0.0,0.1,0.3,Digital Forensics Investigator,44.70646153846155,46.15384615384615,35.38461538461539,46.15384615384615,30.000000000000004,46.15384615384615
0.0,0.1,0.3,Cybersecurity Risk Manager,48.77919999999999,50.0,36.0,50.0,36.0,50.0
0.0,0.1,0.3,Cybersecurity Architect,39.185199999999995,40.0,30.666666666666664,40.0,30.666666666666664,40.0
0.0,0.1,0.3,Cybersecurity Auditor,12.5,12.5,12.5,12.5,12.5,12.5
0.0,0.1,0.3,"Cyber Legal, Policy & Compliance Officer",0.0,0.0,0.0,0.0,0.0,0.0
0.0,0.1,0.3,Cybersecurity Educator,36.7195,37.5,28.749999999999996,37.5,28.749999999999996,37.5
0.0,0.1,0.3,Chief Information Security Officer (CISO),9.090909090909092,9.090909090909092,9.090909090909092,9.090909090909092,9.090909090909092,9.090909090909092
0.0,0.1,0.3,Cybersecurity Researcher,0.0,0.0,0.0,0.0,0.0,0.0
0.0,0.1,0.1,Penetration Tester,73.5795,75.0,67.5,75.0,60.0,75.0
0.0,0.1,0.1,Cybersecurity Implementer,71.95490909090911,72.72727272727273,64.54545454545455,72.72727272727273,64.54545454545455,72.72727272727273
0.0,0.1,0.1,Cyber Threat Intelligence Specialist,57.87476923076923,61.53846153846154,33.84615384615385,61.53846153846154,26.923076923076927,61.53846153846154
0.0,0.1,0.1,Cyber Incident Responder,44.29292307692309,46.15384615384615,32.30769230769231,46.15384615384615,25.384615384615383,46.15384615384615
0.0,0.1,0.1,Digital Forensics Investigator,44.29292307692309,46.15384615384615,32.30769230769231,46.15384615384615,25.384615384615383,46.15384615384615
0.0,0.1,0.1,Cybersecurity Risk Manager,48.430400000000006,50.0,32.00000000000001,50.0,32.00000000000001,50.0
0.0,0.1,0.1,Cybersecurity Architect,38.95239999999999,40.0,27.999999999999996,40.0,27.999999999999996,40.0
0.0,0.1,0.1,Cybersecurity Auditor,12.5,12.5,12.5,12.5,12.5,12.5
0.0,0.1,0.1,"Cyber Legal, Policy & Compliance Officer",0.0,0.0,0.0,0.0,0.0,0.0
0.0,0.1,0.1,Cybersecurity Educator,36.4965,37.5,26.25,37.5,26.25,37.5
0.0,0.1,0.1,Chief Information Security Officer (CISO),9.090909090909092,9.090909090909092,9.090909090909092,9.090909090909092,9.090909090909092,9.090909090909092
0.0,0.1,0.1,Cybersecurity Researcher,0.0,0.0,0.0,0.0,0.0,0.0
0.0,0.25,0.85,Penetration Tester,74.24799999999999,73.75,72.5,75.0,70.0,75.0
0.0,0.25,0.85,Cybersecurity Implementer,72.30863636363638,72.72727272727273,71.36363636363637,72.72727272727273,70.0,72.72727272727273
0.0,0.25,0.85,Cyber Threat Intelligence Specialist,59.757153846153855,60.384615384615394,55.769230769230774,61.53846153846154,53.46153846153846,61.53846153846154
0.0,0.25,0.85,Cyber Incident Responder,45.23584615384616,46.15384615384615,42.69230769230769,46.15384615384615,41.53846153846153,46.15384615384615
0.0,0.25,0.85,Digital Forensics Investigator,45.235384615384625,46.15384615384615,42.69230769230769,46.15384615384615,41.53846153846153,46.15384615384615
0.0,0.25,0.85,Cybersecurity Risk Manager,49.2647,50.0,47.00000000000001,50.0,47.00000000000001,50.0
0.0,0.25,0.85,Cybersecurity Architect,39.499399999999994,40.0,38.0,40.0,37.0,40.0
0.0,0.25,0.85,Cybersecurity Auditor,12.498874999999998,12.5,12.5,12.5,10.625,12.5
0.0,0.25,0.85,"Cyber Legal, Policy & Compliance Officer",0.0,0.0,0.0,0.0,0.0,0.0
0.0,0.25,0.85,Cybersecurity Educator,37.026375,37.5,35.625,37.5,33.75,37.5
0.0,0.25,0.85,Chief Information Security Officer (CISO),9.090909090909092,9.090909090909092,9.090909090909092,9.090909090909092,9.090909090909092,9.090909090909092
0.0,0.25,0.85,Cybersecurity Researcher,0.0,0.0,0.0,0.0,0.0,0.0
0.0,0.25,0.75,Penetration Tester,73.74666666666668,72.91666666666667,70.83333333333334,75.0,66.66666666666666,75.0
0.0,0.25,0.75,Cybersecurity Implementer,72.02954545454547,72.72727272727273,70.45454545454547,72.72727272727273,68.1818181818182,72.72727272727273
0.0,0.25,0.75,Cyber Threat Intelligence Specialist,58.56961538461539,59.61538461538463,51.92307692307693,61.53846153846154,48.07692307692308,61.53846153846154
0.0,0.25,0.75,Cyber Incident Responder,44.623846153846166,46.15384615384615,40.384615384615394,46.15384615384615,38.46153846153847,46.15384615384615
0.0,0.25,0.75,Digital Forensics Investigator,44.62307692307693,46.15384615384615,40.384615384615394,46.15384615384615,38.46153846153847,46.15384615384615
0.0,0.25,0.75,Cybersecurity Risk Manager,48.77450000000001,50.0,45.00000000000001,50.0,45.00000000000001,50.0
0.0,0.25,0.75,Cybersecurity Architect,39.16566666666666,40.0,36.666666666666664,40.0,35.0,40.0
0.0,0.25,0.75,Cybersecurity Auditor,12.498125,12.5,12.5,12.5,9.375,12.5
0.0,0.25,0.75,"Cyber Legal, Policy & Compliance Officer",0.0,0.0,0.0,0.0,0.0,0.0
0.0,0.25,0.75,Cybersecurity Educator,36.710625,37.5,34.375,37.5,31.25,37.5
0.0,0.25,0.75,Chief Information Security Officer (CISO),9.090909090909092,9.090909090909092,9.090909090909092,9.090909090909092,9.090909090909092,9.090909090909092
0.0,0.25,0.75,Cybersecurity Researcher,0.0,0.0,0.0,0.0,0.0,0.0
0.0,0.25,0.5,Penetration Tester,72.49333333333333,70.83333333333334,66.66666666666666,75.0,58.333333333333336,75.0
0.0,0.25,0.5,Cybersecurity Implementer,71.33181818181819,72.72727272727273,68.18181818181819,72.72727272727273,63.63636363636363,72.72727272727273
0.0,0.25,0.5,Cyber Threat Intelligence Specialist,55.600769230769245,57.692307692307686,42.307692307692314,61.53846153846154,34.61538461538461,61.53846153846154
0.0,0.25,0.5,Cyber Incident Responder,43.09384615384616,46.15384615384615,34.61538461538461,46.15384615384615,30.76923076923077,46.15384615384615
0.0,0.25,0.5,Digital Forensics Investigator,43.0923076923077,46.15384615384615,34.61538461538462,46.15384615384615,30.76923076923077,46.15384615384615
0.0,0.25,0.5,Cybersecurity Risk Manager,47.54900000000001,50.0,40.0,50.0,40.0,50.0
0.0,0.25,0.5,Cybersecurity Architect,38.33133333333333,40.0,33.33333333333333,40.0,30.0,40.0
0.0,0.25,0.5,Cybersecurity Auditor,12.49625,12.5,12.5,12.5,6.25,12.5
0.0,0.25,0.5,"Cyber Legal, Policy & Compliance Officer",0.0,0.0,0.0,0.0,0.0,0.0
0.0,0.25,0.5,Cybersecurity Educator,35.92125,37.5,31.25,37.5,25.0,37.5
0.0,0.25,0.5,Chief Information Security Officer (CISO),9.090909090909092,9.090909090909092,9.090909090909092,9.090909090909092,9.090909090909092,9.090909090909092
0.0,0.25,0.5,Cybersecurity Researcher,0.0,0.0,0.0,0.0,0.0,0.0
0.0,0.25,0.3,Penetration Tester,71.49066666666666,69.16666666666667,63.33333333333333,75.0,51.66666666666667,75.0
0.0,0.25,0.3,Cybersecurity Implementer,70.77363636363638,72.72727272727273,66.36363636363637,72.72727272727273,60.00000000000001,72.72727272727273
0.0,0.25,0.3,Cyber Threat Intelligence Specialist,53.225692307692306,56.15384615384615,34.61538461538461,61.53846153846154,23.846153846153847,61.53846153846154
0.0,0.25,0.3,Cyber Incident Responder,41.869846153846154,46.15384615384615,29.999999999999993,46.15384615384615,24.615384615384617,46.15384615384615
0.0,0.25,0.3,Digital Forensics Investigator,41.86769230769231,46.15384615384615,30.000000000000004,46.15384615384615,24.615384615384617,46.15384615384615
0.0,0.25,0.3,Cybersecurity Risk Manager,46.5686,50.0,36.0,50.0,36.0,50.0
0.0,0.25,0.3,Cybersecurity Architect,37.663866666666664,40.0,30.666666666666664,40.0,26.0,40.0
0.0,0.25,0.3,Cybersecurity Auditor,12.49475,12.5,12.5,12.5,3.75,12.5
0.0,0.25,0.3,"Cyber Legal, Policy & Compliance Officer",0.0,0.0,0.0,0.0,0.0,0.0
0.0,0.25,0.3,Cybersecurity Educator,35.289750000000005,37.5,28.749999999999996,37.5,20.0,37.5
0.0,0.25,0.3,Chief Information Security Officer (CISO),9.090909090909092,9.090909090909092,9.090909090909092,9.090909090909092,9.090909090909092,9.090909090909092
0.0,0.25,0.3,Cybersecurity Researcher,0.0,0.0,0.0,0.0,0.0,0.0
0.0,0.25,0.1,Penetration Tester,70.488,67.5,60.0,75.0,45.0,75.0
0.0,0.25,0.1,Cybersecurity Implementer,70.21545454545456,72.72727272727273,64.54545454545455,72.72727272727273,56.363636363636374,72.72727272727273
0.0,0.25,0.1,Cyber Threat Intelligence Specialist,50.85061538461538,54.61538461538462,26.923076923076927,61.53846153846154,13.076923076923078,61.53846153846154
0.0,0.25,0.1,Cyber Incident Responder,40.64584615384616,46.15384615384615,25.38461538461539,46.15384615384615,18.461538461538463,46.15384615384615
0.0,0.25,0.1,Digital Forensics Investigator,40.643076923076926,46.15384615384615,25.384615384615383,46.15384615384615,18.461538461538463,46.15384615384615
0.0,0.25,0.1,Cybersecurity Risk Manager,45.58820000000001,50.0,32.00000000000001,50.0,32.00000000000001,50.0
0.0,0.25,0.1,Cybersecurity Architect,36.996399999999994,40.0,27.999999999999996,40.0,21.999999999999996,40.0
0.0,0.25,0.1,Cybersecurity Auditor,12.493249999999998,12.5,12.5,12.5,1.25,12.5
0.0,0.25,0.1,"Cyber Legal, Policy & Compliance Officer",0.0,0.0,0.0,0.0,0.0,0.0
0.0,0.25,0.1,Cybersecurity Educator,34.65825,37.5,26.25,37.5,15.0,37.5
0.0,0.25,0.1,Chief Information Security Officer (CISO),9.090909090909092,9.090909090909092,9.090909090909092,9.090909090909092,9.090909090909092,9.090909090909092
0.0,0.25,0.1,Cybersecurity Researcher,0.0,0.0,0.0,0.0,0.0,0.0
0.0,0.5,0.85,Penetration Tester,73.13924999999999,73.75,71.25,75.0,67.49999999999999,75.0
0.0,0.5,0.85,Cybersecurity Implementer,71.66418181818185,71.36363636363637,70.0,72.72727272727273,67.27272727272727,72.72727272727273
0.0,0.5,0.85,Cyber Threat Intelligence Specialist,57.8846923076923,58.07692307692307,54.61538461538461,61.53846153846154,53.46153846153846,61.53846153846154
0.0,0.5,0.85,Cyber Incident Responder,44.20638461538463,43.84615384615385,41.53846153846153,46.15384615384615,40.38461538461538,46.15384615384615
0.0,0.5,0.85,Digital Forensics Investigator,44.18723076923077,43.84615384615385,41.53846153846153,46.15384615384615,40.38461538461538,46.15384615384615
0.0,0.5,0.85,Cybersecurity Risk Manager,48.5009,48.5,47.00000000000001,50.0,45.50000000000001,50.0
0.0,0.5,0.85,Cybersecurity Architect,38.8864,38.99999999999999,37.0,40.0,35.0,40.0
0.0,0.5,0.85,Cybersecurity Auditor,12.462125,12.5,12.5,12.5,10.625,12.5
0.0,0.5,0.85,"Cyber Legal, Policy & Compliance Officer",0.0,0.0,0.0,0.0,0.0,0.0
0.0,0.5,0.85,Cybersecurity Educator,36.512625,35.625,35.625,37.5,33.75,37.5
0.0,0.5,0.85,Chief Information Security Officer (CISO),9.064727272727275,9.090909090909092,9.090909090909092,9.090909090909092,7.727272727272727,9.090909090909092
0.0,0.5,0.85,Cybersecurity Researcher,0.0,0.0,0.0,0.0,0.0,0.0
0.0,0.5,0.75,Penetration Tester,71.89875,72.91666666666666,68.75,75.0,62.499999999999986,75.0
0.0,0.5,0.75,Cybersecurity Implementer,70.95545454545456,70.45454545454547,68.1818181818182,72.72727272727273,63.63636363636363,72.72727272727273
0.0,0.5,0.75,Cyber Threat Intelligence Specialist,55.448846153846155,55.769230769230774,50.000000000000014,61.53846153846154,48.07692307692308,61.53846153846154
0.0,0.5,0.75,Cyber Incident Responder,42.90807692307693,42.307692307692314,38.46153846153847,46.15384615384615,36.53846153846155,46.15384615384615
0.0,0.5,0.75,Digital Forensics Investigator,42.87615384615385,42.307692307692314,38.46153846153847,46.15384615384615,36.53846153846154,46.15384615384615
0.0,0.5,0.75,Cybersecurity Risk Manager,47.501500000000014,47.5,45.00000000000001,50.0,42.50000000000001,50.0
0.0,0.5,0.75,Cybersecurity Architect,38.14399999999999,38.33333333333333,35.0,40.0,31.666666666666664,40.0
0.0,0.5,0.75,Cybersecurity Auditor,12.436875,12.5,12.5,12.5,9.375,12.5
0.0,0.5,0.75,"Cyber Legal, Policy & Compliance Officer",0.0,0.0,0.0,0.0,0.0,0.0
0.0,0.5,0.75,Cybersecurity Educator,35.854375,34.375,34.375,37.5,31.25,37.5
0.0,0.5,0.75,Chief Information Security Officer (CISO),9.04727272727273,9.090909090909092,9.090909090909092,9.090909090909092,6.8181818181818175,9.090909090909092
0.0,0.5,0.75,Cybersecurity Researcher,0.0,0.0,0.0,0.0,0.0,0.0
0.0,0.5,0.5,Penetration Tester,68.7975,70.83333333333334,62.5,75.0,50.0,75.0
0.0,0.5,0.5,Cybersecurity Implementer,69.18363636363637,68.18181818181819,63.63636363636363,72.72727272727273,54.54545454545454,72.72727272727273
0.0,0.5,0.5,Cyber Threat Intelligence Specialist,49.35923076923077,50.0,38.46153846153846,61.53846153846154,34.61538461538461,61.53846153846154
0.0,0.5,0.5,Cyber Incident Responder,39.6623076923077,38.46153846153847,30.76923076923077,46.15384615384615,26.923076923076927,46.15384615384615
0.0,0.5,0.5,Digital Forensics Investigator,39.59846153846154,38.46153846153847,30.76923076923077,46.15384615384615,26.923076923076927,46.15384615384615
0.0,0.5,0.5,Cybersecurity Risk Manager,45.00300000000001,44.99999999999999,40.0,50.0,35.0,50.0
0.0,0.5,0.5,Cybersecurity Architect,36.288,36.666666666666664,30.0,40.0,23.333333333333332,40.0
0.0,0.5,0.5,Cybersecurity Auditor,12.37375,12.5,12.5,12.5,6.25,12.5
0.0,0.5,0.5,"Cyber Legal, Policy & Compliance Officer",0.0,0.0,0.0,0.0,0.0,0.0
0.0,0.5,0.5,Cybersecurity Educator,34.20875,31.25,31.25,37.5,25.0,37.5
0.0,0.5,0.5,Chief Information Security Officer (CISO),9.003636363636366,9.090909090909092,9.090909090909092,9.090909090909092,4.545454545454546,9.090909090909092
0.0,0.5,0.5,Cybersecurity Researcher,0.0,0.0,0.0,0.0,0.0,0.0
0.0,0.5,0.3,Penetration Tester,66.3165,69.16666666666667,57.49999999999999,75.0,40.00000000000001,75.0
0.0,0.5,0.3,Cybersecurity Implementer,67.76618181818182,66.36363636363637,60.00000000000001,72.72727272727273,47.27272727272728,72.72727272727273
0.0,0.5,0.3,Cyber Threat Intelligence Specialist,44.48753846153846,45.38461538461539,29.230769230769226,61.53846153846154,23.846153846153847,61.53846153846154
0.0,0.5,0.3,Cyber Incident Responder,37.0656923076923,35.38461538461538,24.615384615384617,46.15384615384615,19.230769230769234,46.15384615384615
0.0,0.5,0.3,Digital Forensics Investigator,36.97630769230769,35.38461538461539,24.615384615384617,46.15384615384615,19.230769230769234,46.15384615384615
0.0,0.5,0.3,Cybersecurity Risk Manager,43.0042,43.00000000000001,36.0,50.0,29.000000000000004,50.0
0.0,0.5,0.3,Cybersecurity Architect,34.8032,35.33333333333333,26.0,40.0,16.666666666666664,40.0
0.0,0.5,0.3,Cybersecurity Auditor,12.323250000000002,12.5,12.5,12.5,3.75,12.5
0.0,0.5,0.3,"Cyber Legal, Policy & Compliance Officer",0.0,0.0,0.0,0.0,0.0,0.0
0.0,0.5,0.3,Cybersecurity Educator,32.892250000000004,28.749999999999996,28.749999999999996,37.5,20.0,37.5
0.0,0.5,0.3,Chief Information Security Officer (CISO),8.968727272727275,9.090909090909092,9.090909090909092,9.090909090909092,2.727272727272727,9.090909090909092
0.0,0.5,0.3,Cybersecurity Researcher,0.0,0.0,0.0,0.0,0.0,0.0
0.0,0.5,0.1,Penetration Tester,63.8355,67.5,52.5,75.0,30.00000000000001,75.0
0.0,0.5,0.1,Cybersecurity Implementer,66.34872727272729,64.54545454545456,56.363636363636374,72.72727272727273,40.0,72.72727272727273
0.0,0.5,0.1,Cyber Threat Intelligence Specialist,39.61584615384616,40.769230769230774,20.0,61.53846153846154,13.076923076923078,61.53846153846154
0.0,0.5,0.1,Cyber Incident Responder,34.46907692307693,32.30769230769231,18.461538461538463,46.15384615384615,11.538461538461538,46.15384615384615
0.0,0.5,0.1,Digital Forensics Investigator,34.35415384615385,32.30769230769231,18.461538461538463,46.15384615384615,11.538461538461538,46.15384615384615
0.0,0.5,0.1,Cybersecurity Risk Manager,41.00540000000001,41.0,32.00000000000001,50.0,23.0,50.0
0.0,0.5,0.1,Cybersecurity Architect,33.31839999999999,34.0,21.999999999999996,40.0,10.0,40.0
0.0,0.5,0.1,Cybersecurity Auditor,12.27275,12.5,12.5,12.5,1.25,12.5
0.0,0.5,0.1,"Cyber Legal, Policy & Compliance Officer",0.0,0.0,0.0,0.0,0.0,0.0
0.0,0.5,0.1,Cybersecurity Educator,31.575749999999996,26.25,26.25,37.5,15.0,37.5
0.0,0.5,0.1,Chief Information Security Officer (CISO),8.933818181818186,9.090909090909092,9.090909090909092,9.090909090909092,0.9090909090909092,9.090909090909092
0.0,0.5,0.1,Cybersecurity Researcher,0.0,0.0,0.0,0.0,0.0,0.0
0.0,0.75,0.85,Penetration Tester,70.46475,71.25,67.49999999999999,72.50000000000001,63.749999999999986,75.0
0.0,0.75,0.85,Cybersecurity Implementer,69.48481818181818,70.0,65.90909090909092,71.36363636363637,63.18181818181819,72.72727272727273
0.0,0.75,0.85,Cyber Threat Intelligence Specialist,55.313230769230756,54.61538461538461,53.46153846153846,59.23076923076924,52.307692307692314,61.53846153846154
0.0,0.75,0.85,Cyber Incident Responder,42.57899999999999,42.69230769230769,40.38461538461538,45.0,39.23076923076923,46.15384615384615
0.0,0.75,0.85,Digital Forensics Investigator,42.36992307692308,42.69230769230769,40.38461538461538,45.0,39.23076923076923,46.15384615384615
0.0,0.75,0.85,Cybersecurity Risk Manager,47.0492,47.00000000000001,45.50000000000001,50.0,42.50000000000001,50.0
0.0,0.75,0.85,Cybersecurity Architect,37.55159999999999,37.99999999999999,36.0,40.0,34.0,40.0
0.0,0.75,0.85,Cybersecurity Auditor,12.093874999999999,12.5,10.625,12.5,10.625,12.5
0.0,0.75,0.85,"Cyber Legal, Policy & Compliance Officer",0.0,0.0,0.0,0.0,0.0,0.0
0.0,0.75,0.85,Cybersecurity Educator,35.264250000000004,35.625,33.75,37.5,31.874999999999996,37.5
0.0,0.75,0.85,Chief Information Security Officer (CISO),8.79227272727273,9.090909090909092,7.727272727272727,9.090909090909092,7.727272727272727,9.090909090909092
0.0,0.75,0.85,Cybersecurity Researcher,0.0,0.0,0.0,0.0,0.0,0.0
0.0,0.75,0.75,Penetration Tester,67.44125,68.75,62.499999999999986,70.83333333333334,56.25,75.0
0.0,0.75,0.75,Cybersecurity Implementer,67.32318181818184,68.1818181818182,61.363636363636374,70.45454545454547,56.81818181818181,72.72727272727273
0.0,0.75,0.75,Cyber Threat Intelligence Specialist,51.163076923076936,50.000000000000014,48.07692307692308,57.692307692307686,46.15384615384616,61.53846153846154
0.0,0.75,0.75,Cyber Incident Responder,40.195769230769244,40.384615384615394,36.53846153846155,44.23076923076923,34.61538461538462,46.15384615384615
0.0,0.75,0.75,Digital Forensics Investigator,39.847307692307695,40.384615384615394,36.53846153846154,44.23076923076923,34.61538461538462,46.15384615384615
0.0,0.75,0.75,Cybersecurity Risk Manager,45.08200000000001,45.00000000000001,42.50000000000001,50.0,37.50000000000001,50.0
0.0,0.75,0.75,Cybersecurity Architect,35.919333333333334,36.666666666666664,33.33333333333333,40.0,30.0,40.0
0.0,0.75,0.75,Cybersecurity Auditor,11.823125,12.5,9.375,12.5,9.375,12.5
0.0,0.75,0.75,"Cyber Legal, Policy & Compliance Officer",0.0,0.0,0.0,0.0,0.0,0.0
0.0,0.75,0.75,Cybersecurity Educator,33.77375,34.375,31.25,37.5,28.125,37.5
0.0,0.75,0.75,Chief Information Security Officer (CISO),8.593181818181819,9.090909090909092,6.8181818181818175,9.090909090909092,6.8181818181818175,9.090909090909092
0.0,0.75,0.75,Cybersecurity Researcher,0.0,0.0,0.0,0.0,0.0,0.0
0.0,0.75,0.5,Penetration Tester,59.88250000000001,62.5,49.99999999999999,66.66666666666667,37.5,75.0
0.0,0.75,0.5,Cybersecurity Implementer,61.919090909090926,63.63636363636363,50.000000000000014,68.1818181818182,40.909090909090914,72.72727272727273
0.0,0.75,0.5,Cyber Threat Intelligence Specialist,40.78769230769231,38.46153846153846,34.61538461538461,53.846153846153854,30.76923076923077,61.53846153846154
0.0,0.75,0.5,Cyber Incident Responder,34.237692307692306,34.61538461538461,26.923076923076927,42.307692307692314,23.076923076923077,46.15384615384615
0.0,0.75,0.5,Digital Forensics Investigator,33.540769230769236,34.61538461538462,26.923076923076927,42.30769230769231,23.076923076923077,46.15384615384615
0.0,0.75,0.5,Cybersecurity Risk Manager,40.163999999999994,40.0,35.0,50.0,25.0,50.0
0.0,0.75,0.5,Cybersecurity Architect,31.838666666666665,33.33333333333333,26.666666666666668,40.0,20.0,40.0
0.0,0.75,0.5,Cybersecurity Auditor,11.14625,12.5,6.25,12.5,6.25,12.5
0.0,0.75,0.5,"Cyber Legal, Policy & Compliance Officer",0.0,0.0,0.0,0.0,0.0,0.0
0.0,0.75,0.5,Cybersecurity Educator,30.0475,31.25,25.0,37.5,18.75,37.5
0.0,0.75,0.5,Chief Information Security Officer (CISO),8.095454545454546,9.090909090909092,4.545454545454546,9.090909090909092,4.545454545454546,9.090909090909092
0.0,0.75,0.5,Cybersecurity Researcher,0.0,0.0,0.0,0.0,0.0,0.0
0.0,0.75,0.3,Penetration Tester,53.83549999999999,57.49999999999999,40.0,63.33333333333334,22.499999999999996,75.0
0.0,0.75,0.3,Cybersecurity Implementer,57.595818181818196,60.00000000000001,40.90909090909092,66.36363636363637,28.181818181818187,72.72727272727273
0.0,0.75,0.3,Cyber Threat Intelligence Specialist,32.48738461538461,29.230769230769226,23.846153846153847,50.76923076923077,18.461538461538463,61.53846153846154
0.0,0.75,0.3,Cyber Incident Responder,29.471230769230772,29.999999999999993,19.230769230769234,40.76923076923077,13.846153846153847,46.15384615384615
0.0,0.75,0.3,Digital Forensics Investigator,28.495538461538462,30.000000000000004,19.230769230769234,40.76923076923077,13.846153846153847,46.15384615384615
0.0,0.75,0.3,Cybersecurity Risk Manager,36.2296,36.0,29.000000000000004,50.0,15.0,50.0
0.0,0.75,0.3,Cybersecurity Architect,28.57413333333333,30.666666666666664,21.33333333333333,40.0,12.000000000000002,40.0
0.0,0.75,0.3,Cybersecurity Auditor,10.60475,12.5,3.75,12.5,3.75,12.5
0.0,0.75,0.3,"Cyber Legal, Policy & Compliance Officer",0.0,0.0,0.0,0.0,0.0,0.0
0.0,0.75,0.3,Cybersecurity Educator,27.066499999999998,28.749999999999996,20.0,37.5,11.249999999999998,37.5
0.0,0.75,0.3,Chief Information Security Officer (CISO),7.697272727272729,9.090909090909092,2.727272727272727,9.090909090909092,2.727272727272727,9.090909090909092
0.0,0.75,0.3,Cybersecurity Researcher,0.0,0.0,0.0,0.0,0.0,0.0
0.0,0.75,0.1,Penetration Tester,47.788500000000006,52.5,30.0,60.00000000000001,7.5,75.0
0.0,0.75,0.1,Cybersecurity Implementer,53.27254545454545,56.363636363636374,31.818181818181824,64.54545454545456,15.454545454545457,72.72727272727273
0.0,0.75,0.1,Cyber Threat Intelligence Specialist,24.187076923076926,20.0,13.076923076923078,47.69230769230769,6.153846153846154,61.53846153846154
0.0,0.75,0.1,Cyber Incident Responder,24.704769230769234,25.384615384615383,11.538461538461538,39.23076923076923,4.615384615384616,46.15384615384615
0.0,0.75,0.1,Digital Forensics Investigator,23.450307692307693,25.384615384615383,11.538461538461538,39.23076923076923,4.615384615384616,46.15384615384615
0.0,0.75,0.1,Cybersecurity Risk Manager,32.2952,32.00000000000001,23.0,50.0,5.000000000000001,50.0
0.0,0.75,0.1,Cybersecurity Architect,25.3096,27.999999999999996,15.999999999999998,40.0,4.0,40.0
0.0,0.75,0.1,Cybersecurity Auditor,10.06325,12.5,1.25,12.5,1.25,12.5
0.0,0.75,0.1,"Cyber Legal, Policy & Compliance Officer",0.0,0.0,0.0,0.0,0.0,0.0
0.0,0.75,0.1,Cybersecurity Educator,24.0855,26.25,15.0,37.5,3.7500000000000004,37.5
0.0,0.75,0.1,Chief Information Security Officer (CISO),7.299090909090909,9.090909090909092,0.9090909090909092,9.090909090909092,0.9090909090909092,9.090909090909092
0.0,0.75,0.1,Cybersecurity Researcher,0.0,0.0,0.0,0.0,0.0,0.0
0.0,1.0,0.85,Penetration Tester,63.74999999999999,63.74999999999999,63.74999999999999,63.74999999999999,63.74999999999999,63.74999999999999
0.0,1.0,0.85,Cybersecurity Implementer,61.81818181818181,61.81818181818181,61.81818181818181,61.81818181818181,61.81818181818181,61.81818181818181
0.0,1.0,0.85,Cyber Threat Intelligence Specialist,52.307692307692314,52.307692307692314,52.307692307692314,52.307692307692314,52.307692307692314,52.307692307692314
0.0,1.0,0.85,Cyber Incident Responder,39.23076923076923,39.23076923076923,39.23076923076923,39.23076923076923,39.23076923076923,39.23076923076923
0.0,1.0,0.85,Digital Forensics Investigator,39.23076923076923,39.23076923076923,39.23076923076923,39.23076923076923,39.23076923076923,39.23076923076923
0.0,1.0,0.85,Cybersecurity Risk Manager,42.50000000000001,42.50000000000001,42.50000000000001,42.50000000000001,42.50000000000001,42.50000000000001
0.0,1.0,0.85,Cybersecurity Architect,34.0,34.0,34.0,34.0,34.0,34.0
0.0,1.0,0.85,Cybersecurity Auditor,10.625,10.625,10.625,10.625,10.625,10.625
0.0,1.0,0.85,"Cyber Legal, Policy & Compliance Officer",0.0,0.0,0.0,0.0,0.0,0.0
0.0,1.0,0.85,Cybersecurity Educator,31.874999999999996,31.874999999999996,31.874999999999996,31.874999999999996,31.874999999999996,31.874999999999996
0.0,1.0,0.85,Chief Information Security Officer (CISO),7.727272727272727,7.727272727272727,7.727272727272727,7.727272727272727,7.727272727272727,7.727272727272727
0.0,1.0,0.85,Cybersecurity Researcher,0.0,0.0,0.0,0.0,0.0,0.0
0.0,1.0,0.75,Penetration Tester,56.25,56.25,56.25,56.25,56.25,56.25
0.0,1.0,0.75,Cybersecurity Implementer,54.54545454545454,54.54545454545454,54.54545454545454,54.54545454545454,54.54545454545454,54.54545454545454
0.0,1.0,0.75,Cyber Threat Intelligence Specialist,46.15384615384615,46.15384615384615,46.15384615384615,46.15384615384615,46.15384615384615,46.15384615384615
0.0,1.0,0.75,Cyber Incident Responder,34.61538461538461,34.61538461538461,34.61538461538461,34.61538461538461,34.61538461538461,34.61538461538461
0.0,1.0,0.75,Digital Forensics Investigator,34.61538461538461,34.61538461538461,34.61538461538461,34.61538461538461,34.61538461538461,34.61538461538461
0.0,1.0,0.75,Cybersecurity Risk Manager,37.50000000000001,37.50000000000001,37.50000000000001,37.50000000000001,37.50000000000001,37.50000000000001
0.0,1.0,0.75,Cybersecurity Architect,30.000000000000004,30.000000000000004,30.000000000000004,30.000000000000004,30.000000000000004,30.000000000000004
0.0,1.0,0.75,Cybersecurity Auditor,9.375,9.375,9.375,9.375,9.375,9.375
0.0,1.0,0.75,"Cyber Legal, Policy & Compliance Officer",0.0,0.0,0.0,0.0,0.0,0.0
0.0,1.0,0.75,Cybersecurity Educator,28.125,28.125,28.125,28.125,28.125,28.125
0.0,1.0,0.75,Chief Information Security Officer (CISO),6.8181818181818175,6.8181818181818175,6.8181818181818175,6.8181818181818175,6.8181818181818175,6.8181818181818175
0.0,1.0,0.75,Cybersecurity Researcher,0.0,0.0,0.0,0.0,0.0,0.0
0.0,1.0,0.5,Penetration Tester,37.5,37.5,37.5,37.5,37.5,37.5
0.0,1.0,0.5,Cybersecurity Implementer,36.36363636363637,36.36363636363637,36.36363636363637,36.36363636363637,36.36363636363637,36.36363636363637
0.0,1.0,0.5,Cyber Threat Intelligence Specialist,30.76923076923077,30.76923076923077,30.76923076923077,30.76923076923077,30.76923076923077,30.76923076923077
0.0,1.0,0.5,Cyber Incident Responder,23.076923076923077,23.076923076923077,23.076923076923077,23.076923076923077,23.076923076923077,23.076923076923077
0.0,1.0,0.5,Digital Forensics Investigator,23.076923076923077,23.076923076923077,23.076923076923077,23.076923076923077,23.076923076923077,23.076923076923077
0.0,1.0,0.5,Cybersecurity Risk Manager,25.0,25.0,25.0,25.0,25.0,25.0
0.0,1.0,0.5,Cybersecurity Architect,20.0,20.0,20.0,20.0,20.0,20.0
0.0,1.0,0.5,Cybersecurity Auditor,6.25,6.25,6.25,6.25,6.25,6.25
0.0,1.0,0.5,"Cyber Legal, Policy & Compliance Officer",0.0,0.0,0.0,0.0,0.0,0.0
0.0,1.0,0.5,Cybersecurity Educator,18.75,18.75,18.75,18.75,18.75,18.75
0.0,1.0,0.5,Chief Information Security Officer (CISO),4.545454545454546,4.545454545454546,4.545454545454546,4.545454545454546,4.545454545454546,4.545454545454546
0.0,1.0,0.5,Cybersecurity Researcher,0.0,0.0,0.0,0.0,0.0,0.0
0.0,1.0,0.3,Penetration Tester,22.499999999999996,22.499999999999996,22.499999999999996,22.499999999999996,22.499999999999996,22.499999999999996
0.0,1.0,0.3,Cybersecurity Implementer,21.81818181818182,21.81818181818182,21.81818181818182,21.81818181818182,21.81818181818182,21.81818181818182
0.0,1.0,0.3,Cyber Threat Intelligence Specialist,18.461538461538463,18.461538461538463,18.461538461538463,18.461538461538463,18.461538461538463,18.461538461538463
0.0,1.0,0.3,Cyber Incident Responder,13.846153846153847,13.846153846153847,13.846153846153847,13.846153846153847,13.846153846153847,13.846153846153847
0.0,1.0,0.3,Digital Forensics Investigator,13.846153846153847,13.846153846153847,13.846153846153847,13.846153846153847,13.846153846153847,13.846153846153847
0.0,1.0,0.3,Cybersecurity Risk Manager,15.0,15.0,15.0,15.0,15.0,15.0
0.0,1.0,0.3,Cybersecurity Architect,12.0,12.0,12.0,12.0,12.0,12.0
0.0,1.0,0.3,Cybersecurity Auditor,3.75,3.75,3.75,3.75,3.75,3.75
0.0,1.0,0.3,"Cyber Legal, Policy & Compliance Officer",0.0,0.0,0.0,0.0,0.0,0.0
0.0,1.0,0.3,Cybersecurity Educator,11.249999999999998,11.249999999999998,11.249999999999998,11.249999999999998,11.249999999999998,11.249999999999998
0.0,1.0,0.3,Chief Information Security Officer (CISO),2.727272727272727,2.727272727272727,2.727272727272727,2.727272727272727,2.727272727272727,2.727272727272727
0.0,1.0,0.3,Cybersecurity Researcher,0.0,0.0,0.0,0.0,0.0,0.0
0.0,1.0,0.1,Penetration Tester,7.500000000000001,7.500000000000001,7.500000000000001,7.500000000000001,7.500000000000001,7.500000000000001
0.0,1.0,0.1,Cybersecurity Implementer,7.272727272727273,7.272727272727273,7.272727272727273,7.272727272727273,7.272727272727273,7.272727272727273
0.0,1.0,0.1,Cyber Threat Intelligence Specialist,6.153846153846154,6.153846153846154,6.153846153846154,6.153846153846154,6.153846153846154,6.153846153846154
0.0,1.0,0.1,Cyber Incident Responder,4.615384615384616,4.615384615384616,4.615384615384616,4.615384615384616,4.615384615384616,4.615384615384616
0.0,1.0,0.1,Digital Forensics Investigator,4.615384615384616,4.615384615384616,4.615384615384616,4.615384615384616,4.615384615384616,4.615384615384616
0.0,1.0,0.1,Cybersecurity Risk Manager,5.000000000000001,5.000000000000001,5.000000000000001,5.000000000000001,5.000000000000001,5.000000000000001
0.0,1.0,0.1,Cybersecurity Architect,4.0,4.0,4.0,4.0,4.0,4.0
0.0,1.0,0.1,Cybersecurity Auditor,1.25,1.25,1.25,1.25,1.25,1.25
0.0,1.0,0.1,"Cyber Legal, Policy & Compliance Officer",0.0,0.0,0.0,0.0,0.0,0.0
0.0,1.0,0.1,Cybersecurity Educator,3.7500000000000004,3.7500000000000004,3.7500000000000004,3.7500000000000004,3.7500000000000004,3.7500000000000004
0.0,1.0,0.1,Chief Information Security Officer (CISO),0.9090909090909092,0.9090909090909092,0.9090909090909092,0.9090909090909092,0.9090909090909092,0.9090909090909092
0.0,1.0,0.1,Cybersecurity Researcher,0.0,0.0,0.0,0.0,0.0,0.0
0.5,0.1,0.85,Penetration Tester,70.44246169119597,70.78448789499133,69.53448789499134,70.78448789499133,67.51358722226477,70.78448789499133
0.5,0.1,0.85,Cybersecurity Implementer,68.77640453116766,68.93722899531392,68.12853224908146,68.93722899531392,66.52470569900646,68.93722899531392
0.5,0.1,0.85,Cyber Threat Intelligence Specialist,57.76331415482808,58.33150145757331,53.71611684218869,58.33150145757331,52.56227068834254,58.33150145757331
0.5,0.1,0.85,Cyber Incident Responder,42.611574941076526,42.94688607295792,40.63919376526562,42.94688607295792,39.282109761356004,42.94688607295792
0.5,0.1,0.85,Digital Forensics Investigator,42.54732509576159,42.94688607295792,40.63919376526562,42.94688607295792,39.282109761356,42.94688607295792
0.5,0.1,0.85,Cybersecurity Risk Manager,49.65053902212299,50.0,47.00000000000001,50.0,45.50000000000001,50.0
0.5,0.1,0.85,Cybersecurity Architect,39.8254,40.0,38.0,40.0,38.0,40.0
0.5,0.1,0.85,Cybersecurity Auditor,12.5,12.5,12.5,12.5,12.5,12.5
0.5,0.1,0.85,"Cyber Legal, Policy & Compliance Officer",0.0,0.0,0.0,0.0,0.0,0.0
0.5,0.1,0.85,Cybersecurity Educator,37.332750000000004,37.5,35.625,37.5,35.625,37.5
0.5,0.1,0.85,Chief Information Security Officer (CISO),9.090909090909092,9.090909090909092,9.090909090909092,9.090909090909092,9.090909090909092,9.090909090909092
0.5,0.1,0.85,Cybersecurity Researcher,0.0,0.0,0.0,0.0,0.0,0.0
0.5,0.1,0.75,Penetration Tester,70.31155049555029,70.78448789499133,68.701154561658,70.78448789499133,66.41804786549183,70.78448789499133
0.5,0.1,0.75,Cybersecurity Implementer,68.72251691938409,68.93722899531392,67.61201265557635,68.93722899531392,65.99461916311144,68.93722899531392
0.5,0.1,0.75,Cyber Threat Intelligence Specialist,57.3845226196646,58.33150145757331,50.639193765265624,58.33150145757331,48.7161168421887,58.33150145757331
0.5,0.1,0.75,Cyber Incident Responder,42.43172707042024,42.94688607295792,39.100732226804084,42.94688607295792,37.17765530372716,42.94688607295792
0.5,0.1,0.75,Digital Forensics Investigator,42.366210011836536,42.94688607295792,39.100732226804084,42.94688607295792,37.17765530372716,42.94688607295792
0.5,0.1,0.75,Cybersecurity Risk Manager,49.47436578598236,50.0,45.00000000000001,50.0,43.18535277187245,50.0
0.5,0.1,0.75,Cybersecurity Architect,39.708999999999996,40.0,36.666666666666664,40.0,36.666666666666664,40.0
0.5,0.1,0.75,Cybersecurity Auditor,12.5,12.5,12.5,12.5,12.5,12.5
0.5,0.1,0.75,"Cyber Legal, Policy & Compliance Officer",0.0,0.0,0.0,0.0,0.0,0.0
0.5,0.1,0.75,Cybersecurity Educator,37.22125,37.5,34.375,37.5,34.375,37.5
0.5,0.1,0.75,Chief Information Security Officer (CISO),9.090909090909092,9.090909090909092,9.090909090909092,9.090909090909092,9.090909090909092,9.090909090909092
0.5,0.1,0.75,Cybersecurity Researcher,0.0,0.0,0.0,0.0,0.0,0.0
0.5,0.1,0.5,Penetration Tester,69.99350193245117,70.78448789499133,66.61782122832467,70.78448789499133,62.451154561657994,70.78448789499133
0.5,0.1,0.5,Cybersecurity Implementer,68.5912384658365,68.93722899531392,66.28679631583879,68.93722899531392,64.39177444985937,68.93722899531392
0.5,0.1,0.5,Cyber Threat Intelligence Specialist,56.43754378175587,58.33150145757331,42.94688607295792,58.33150145757331,39.100732226804084,58.33150145757331
0.5,0.1,0.5,Cyber Incident Responder,41.98545147371334,42.94688607295792,35.25457838065023,42.94688607295792,31.408424534496387,42.94688607295792
0.5,0.1,0.5,Digital Forensics Investigator,41.91967763849809,42.94688607295792,35.25457838065023,42.94688607295792,31.408424534496387,42.94688607295792
0.5,0.1,0.5,Cybersecurity Risk Manager,49.03827999954472,50.0,40.0,50.0,38.18535277187245,50.0
0.5,0.1,0.5,Cybersecurity Architect,39.41799999999999,40.0,33.33333333333333,40.0,33.33333333333333,40.0
0.5,0.1,0.5,Cybersecurity Auditor,12.5,12.5,12.5,12.5,12.5,12.5
0.5,0.1,0.5,"Cyber Legal, Policy & Compliance Officer",0.0,0.0,0.0,0.0,0.0,0.0
0.5,0.1,0.5,Cybersecurity Educator,36.9425,37.5,31.25,37.5,31.25,37.5
0.5,0.1,0.5,Chief Information Security Officer (CISO),9.090909090909092,9.090909090909092,9.090909090909092,9.090909090909092,9.090909090909092,9.090909090909092
0.5,0.1,0.5,Cybersecurity Researcher,0.0,0.0,0.0,0.0,0.0,0.0
0.5,0.1,0.3,Penetration Tester,69.73912027293026,70.78448789499133,64.951154561658,70.78448789499133,59.117821228324665,70.78448789499133
0.5,0.1,0.3,Cybersecurity Implementer,68.48645847363186,68.93722899531392,65.22662324404872,68.93722899531392,62.573592631677556,68.93722899531392
0.5,0.1,0.3,Cyber Threat Intelligence Specialist,55.67996071142889,58.33150145757331,36.79303991911177,58.33150145757331,31.408424534496383,58.33150145757331
0.5,0.1,0.3,Cyber Incident Responder,41.62848378800174,42.94688607295792,32.17765530372715,42.94688607295792,26.79303991911177,42.94688607295792
0.5,0.1,0.3,Digital Forensics Investigator,41.56270995278648,42.94688607295792,32.17765530372716,42.94688607295792,26.79303991911177,42.94688607295792
0.5,0.1,0.3,Cybersecurity Risk Manager,48.68947999954472,50.0,36.0,50.0,34.18535277187245,50.0
0.5,0.1,0.3,Cybersecurity Architect,39.185199999999995,40.0,30.666666666666664,40.0,30.666666666666664,40.0
0.5,0.1,0.3,Cybersecurity Auditor,12.5,12.5,12.5,12.5,12.5,12.5
0.5,0.1,0.3,"Cyber Legal, Policy & Compliance Officer",0.0,0.0,0.0,0.0,0.0,0.0
0.5,0.1,0.3,Cybersecurity Educator,36.7195,37.5,28.749999999999996,37.5,28.749999999999996,37.5
0.5,0.1,0.3,Chief Information Security Officer (CISO),9.090909090909092,9.090909090909092,9.090909090909092,9.090909090909092,9.090909090909092,9.090909090909092
0.5,0.1,0.3,Cybersecurity Researcher,0.0,0.0,0.0,0.0,0.0,0.0
0.5,0.1,0.1,Penetration Tester,69.48473861340936,70.78448789499133,63.28448789499133,70.78448789499133,55.78448789499133,70.78448789499133
0.5,0.1,0.1,Cybersecurity Implementer,68.38167848142727,68.93722899531392,64.16645017225868,68.93722899531392,60.755410813495736,68.93722899531392
0.5,0.1,0.1,Cyber Threat Intelligence Specialist,54.92237764110192,58.33150145757331,30.639193765265617,58.33150145757331,23.716116842188693,58.33150145757331
0.5,0.1,0.1,Cyber Incident Responder,41.27151610229015,42.94688607295792,29.100732226804077,42.94688607295792,22.177655303727157,42.94688607295792
0.5,0.1,0.1,Digital Forensics Investigator,41.20574226707489,42.94688607295792,29.100732226804084,42.94688607295792,22.177655303727157,42.94688607295792
0.5,0.1,0.1,Cybersecurity Risk Manager,48.34067999954472,50.0,32.00000000000001,50.0,30.185352771872452,50.0
0.5,0.1,0.1,Cybersecurity Architect,38.95239999999999,40.0,27.999999999999996,40.0,27.999999999999996,40.0
0.5,0.1,0.1,Cybersecurity Auditor,12.5,12.5,12.5,12.5,12.5,12.5
0.5,0.1,0.1,"Cyber Legal, Policy & Compliance Officer",0.0,0.0,0.0,0.0,0.0,0.0
0.5,0.1,0.1,Cybersecurity Educator,36.4965,37.5,26.25,37.5,26.25,37.5
0.5,0.1,0.1,Chief Information Security Officer (CISO),9.090909090909092,9.090909090909092,9.090909090909092,9.090909090909092,9.090909090909092,9.090909090909092
0.5,0.1,0.1,Cybersecurity Researcher,0.0,0.0,0.0,0.0,0.0,0.0
0.5,0.25,0.85,Penetration Tester,69.71080239888508,70.01358722226479,68.03471823540913,70.78448789499133,64.28471823540912,70.78448789499133
0.5,0.25,0.85,Cybersecurity Implementer,68.39303549078973,68.93722899531392,67.31983550284899,68.93722899531392,64.05119010056228,68.93722899531392
0.5,0.25,0.85,Cyber Threat Intelligence Specialist,56.67083960350864,57.65869931586038,52.56227068834254,58.33150145757331,50.73562239278346,58.33150145757331
0.5,0.25,0.85,Cyber Incident Responder,41.961716085172704,42.274083931245,39.954911903068925,42.94688607295792,38.12826360750985,42.94688607295792
0.5,0.25,0.85,Digital Forensics Investigator,41.77458454100668,42.26260421076123,39.95491190306892,42.94688607295792,37.65869931586038,42.94688607295792
0.5,0.25,0.85,Cybersecurity Risk Manager,49.0205394261633,50.0,46.110433579144306,50.0,45.50000000000001,50.0
0.5,0.25,0.85,Cybersecurity Architect,39.499399999999994,40.0,38.0,40.0,37.0,40.0
0.5,0.25,0.85,Cybersecurity Auditor,12.498874999999998,12.5,12.5,12.5,10.625,12.5
0.5,0.25,0.85,"Cyber Legal, Policy & Compliance Officer",0.0,0.0,0.0,0.0,0.0,0.0
0.5,0.25,0.85,Cybersecurity Educator,37.026375,37.5,35.625,37.5,33.75,37.5
0.5,0.25,0.85,Chief Information Security Officer (CISO),9.090909090909092,9.090909090909092,9.090909090909092,9.090909090909092,9.090909090909092,9.090909090909092
0.5,0.25,0.85,Cybersecurity Researcher,0.0,0.0,0.0,0.0,0.0,0.0
0.5,0.25,0.75,Penetration Tester,69.24347331303802,69.5697062502319,66.71547224417202,70.78448789499133,60.75168308892563,70.78448789499133
0.5,0.25,0.75,Cybersecurity Implementer,68.1841920469019,68.93722899531392,66.66450172258665,68.93722899531392,62.03992678625353,68.93722899531392
0.5,0.25,0.75,Cyber Threat Intelligence Specialist,55.563731700798854,57.210164554718446,48.7161168421887,58.33150145757331,45.671703016256906,58.33150145757331
0.5,0.25,0.75,Cyber Incident Responder,41.413277543378705,41.82554917010306,37.97939532394922,42.94688607295792,35.3720365386756,42.94688607295792
0.5,0.25,0.75,Digital Forensics Investigator,41.20864426526211,41.82554917010306,37.97939532394922,42.94688607295792,34.66043591769726,42.94688607295792
0.5,0.25,0.75,Cybersecurity Risk Manager,48.508409595353825,50.0,44.110433579144306,50.0,42.50000000000001,50.0
0.5,0.25,0.75,Cybersecurity Architect,39.16566666666666,40.0,36.666666666666664,40.0,35.0,40.0
0.5,0.25,0.75,Cybersecurity Auditor,12.498125,12.5,12.5,12.5,9.375,12.5
0.5,0.25,0.75,"Cyber Legal, Policy & Compliance Officer",0.0,0.0,0.0,0.0,0.0,0.0
0.5,0.25,0.75,Cybersecurity Educator,36.710625,37.5,34.375,37.5,31.25,37.5
0.5,0.25,0.75,Chief Information Security Officer (CISO),9.090909090909092,9.090909090909092,9.090909090909092,9.090909090909092,9.090909090909092,9.090909090909092
0.5,0.25,0.75,Cybersecurity Researcher,0.0,0.0,0.0,0.0,0.0,0.0
0.5,0.25,0.5,Penetration Tester,68.19310261917033,68.35492460547246,63.44695258809271,70.78448789499133,53.1108096679634,70.78448789499133
0.5,0.25,0.5,Cybersecurity Implementer,67.70771349840876,68.93722899531392,64.39177444985937,68.93722899531392,56.81168698594172,68.93722899531392
0.5,0.25,0.5,Cyber Threat Intelligence Specialist,52.795961944024384,56.08882765186358,39.100732226804084,58.33150145757331,33.01190457494051,58.33150145757331
0.5,0.25,0.5,Cyber Incident Responder,40.08062844329859,41.55100358978289,33.0119045749405,42.94688607295792,28.481468866589964,42.94688607295792
0.5,0.25,0.5,Digital Forensics Investigator,39.86341420936089,41.55100358978289,33.0119045749405,42.94688607295792,27.76986824561162,42.94688607295792
0.5,0.25,0.5,Cybersecurity Risk Manager,47.27806644905646,50.0,39.1104335791443,50.0,37.071067811865476,50.0
0.5,0.25,0.5,Cybersecurity Architect,38.33133333333333,40.0,33.33333333333333,40.0,30.0,40.0
0.5,0.25,0.5,Cybersecurity Auditor,12.49625,12.5,12.5,12.5,6.25,12.5
0.5,0.25,0.5,"Cyber Legal, Policy & Compliance Officer",0.0,0.0,0.0,0.0,0.0,0.0
0.5,0.25,0.5,Cybersecurity Educator,35.92125,37.5,31.25,37.5,25.0,37.5
0.5,0.25,0.5,Chief Information Security Officer (CISO),9.090909090909092,9.090909090909092,9.090909090909092,9.090909090909092,9.090909090909092,9.090909090909092
0.5,0.25,0.5,Cybersecurity Researcher,0.0,0.0,0.0,0.0,0.0,0.0
0.5,0.25,0.3,Penetration Tester,67.36476146772719,67.38309928966491,60.8084606056185,70.78448789499133,47.59999259349875,70.78448789499133
0.5,0.25,0.3,Cybersecurity Implementer,67.33964027382198,68.93722899531392,62.573592631677556,68.93722899531392,54.99350516775991,68.93722899531392
0.5,0.25,0.3,Cyber Threat Intelligence Specialist,50.58174613860482,55.19175812957968,31.408424534496383,58.33150145757331,22.88406582188738,58.33150145757331
0.5,0.25,0.3,Cyber Incident Responder,39.01748956095594,41.55100358978289,29.037911975733525,42.94688607295792,22.969014728921454,42.94688607295792
0.5,0.25,0.3,Digital Forensics Investigator,38.79965994240286,41.55100358978289,29.037911975733532,42.94688607295792,22.25741410794311,42.94688607295792
0.5,0.25,0.3,Cybersecurity Risk Manager,46.29766644905647,50.0,35.110433579144306,50.0,33.071067811865476,50.0
0.5,0.25,0.3,Cybersecurity Architect,37.663866666666664,40.0,30.666666666666664,40.0,26.0,40.0
0.5,0.25,0.3,Cybersecurity Auditor,12.49475,12.5,12.5,12.5,3.75,12.5
0.5,0.25,0.3,"Cyber Legal, Policy & Compliance Officer",0.0,0.0,0.0,0.0,0.0,0.0
0.5,0.25,0.3,Cybersecurity Educator,35.289750000000005,37.5,28.749999999999996,37.5,20.0,37.5
0.5,0.25,0.3,Chief Information Security Officer (CISO),9.090909090909092,9.090909090909092,9.090909090909092,9.090909090909092,9.090909090909092,9.090909090909092
0.5,0.25,0.3,Cybersecurity Researcher,0.0,0.0,0.0,0.0,0.0,0.0
0.5,0.25,0.1,Penetration Tester,66.53642031628404,66.41127397385736,58.16996862314427,70.78448789499133,41.6281672776912,70.78448789499133
0.5,0.25,0.1,Cybersecurity Implementer,66.97156704923522,68.93722899531392,60.755410813495736,68.93722899531392,52.685273393844945,68.93722899531392
0.5,0.25,0.1,Cyber Threat Intelligence Specialist,48.36753033318525,54.2946886072958,23.716116842188693,58.33150145757331,12.756227068834255,58.33150145757331
0.5,0.25,0.1,Cyber Incident Responder,37.95435067861329,41.55100358978289,25.06391937652656,42.94688607295792,17.45656059125295,42.94688607295792
0.5,0.25,0.1,Digital Forensics Investigator,37.73590567544483,41.55100358978289,25.063919376526567,42.94688607295792,16.7449599702746,42.94688607295792
0.5,0.25,0.1,Cybersecurity Risk Manager,45.31726644905647,50.0,31.110433579144303,50.0,29.071067811865483,50.0
0.5,0.25,0.1,Cybersecurity Architect,36.996399999999994,40.0,27.999999999999996,40.0,21.999999999999996,40.0
0.5,0.25,0.1,Cybersecurity Auditor,12.493249999999998,12.5,12.5,12.5,1.25,12.5
0.5,0.25,0.1,"Cyber Legal, Policy & Compliance Officer",0.0,0.0,0.0,0.0,0.0,0.0
0.5,0.25,0.1,Cybersecurity Educator,34.65825,37.5,26.25,37.5,15.0,37.5
0.5,0.25,0.1,Chief Information Security Officer (CISO),9.090909090909092,9.090909090909092,9.090909090909092,9.090909090909092,9.090909090909092,9.090909090909092
0.5,0.25,0.1,Cybersecurity Researcher,0.0,0.0,0.0,0.0,0.0,0.0
0.5,0.5,0.85,Penetration Tester,68.06805866739319,68.0643135574226,65.53471823540912,70.05561890813567,62.513587222264775,70.78448789499133
0.5,0.5,0.85,Cybersecurity Implementer,67.40841600161652,67.57359263167754,65.41482646419865,68.93722899531392,63.2289264119399,68.93722899531392
0.5,0.5,0.85,Cyber Threat Intelligence Specialist,54.9114234078984,55.35100700816808,51.889468546629615,58.33150145757331,50.25457838065023,58.33150145757331
0.5,0.5,0.85,Cyber Incident Responder,40.805014996101896,40.63919376526562,38.812545469706535,42.94688607295792,37.65869931586038,42.94688607295792
0.5,0.5,0.85,Digital Forensics Investigator,40.3587049278323,40.43595591520216,38.128263607509844,42.274083931245,36.504853162014236,42.94688607295792
0.5,0.5,0.85,Cybersecurity Risk Manager,47.944580210282545,48.5,45.50000000000001,50.0,44.00000000000001,50.0
0.5,0.5,0.85,Cybersecurity Architect,38.8864,38.99999999999999,37.0,40.0,35.0,40.0
0.5,0.5,0.85,Cybersecurity Auditor,12.462125,12.5,12.5,12.5,10.625,12.5
0.5,0.5,0.85,"Cyber Legal, Policy & Compliance Officer",0.0,0.0,0.0,0.0,0.0,0.0
0.5,0.5,0.85,Cybersecurity Educator,36.512625,35.625,35.625,37.5,33.75,37.5
0.5,0.5,0.85,Chief Information Security Officer (CISO),9.064727272727275,9.090909090909092,9.090909090909092,9.090909090909092,7.727272727272727,9.090909090909092
0.5,0.5,0.85,Cybersecurity Researcher,0.0,0.0,0.0,0.0,0.0,0.0
0.5,0.5,0.75,Penetration Tester,66.71172936113007,66.80314756600293,62.82250850871887,70.04318254427825,57.25503258791016,70.78448789499133
0.5,0.5,0.75,Cybersecurity Implementer,66.72054785895385,66.8033159093439,63.68960608455131,68.93722899531392,59.84631990440483,68.93722899531392
0.5,0.5,0.75,Cyber Threat Intelligence Specialist,52.63137137478181,53.3640107085646,47.59477993933384,58.33150145757331,44.86996299603485,58.33150145757331
0.5,0.5,0.75,Cyber Incident Responder,39.56085364361678,39.100732226804084,36.05631840087229,42.94688607295792,34.13324147779537,42.94688607295792
0.5,0.5,0.75,Digital Forensics Investigator,39.00617830980848,39.100732226804084,35.3720365386756,42.26260421076123,32.210164554718446,42.94688607295792
0.5,0.5,0.75,Cybersecurity Risk Manager,46.81303809510348,47.5,42.50000000000001,50.0,40.0,50.0
0.5,0.5,0.75,Cybersecurity Architect,38.14399999999999,38.33333333333333,35.0,40.0,31.666666666666664,40.0
0.5,0.5,0.75,Cybersecurity Auditor,12.436875,12.5,12.5,12.5,9.375,12.5
0.5,0.5,0.75,"Cyber Legal, Policy & Compliance Officer",0.0,0.0,0.0,0.0,0.0,0.0
0.5,0.5,0.75,Cybersecurity Educator,35.854375,34.375,34.375,37.5,31.25,37.5
0.5,0.5,0.75,Chief Information Security Officer (CISO),9.04727272727273,9.090909090909092,9.090909090909092,9.090909090909092,6.8181818181818175,9.090909090909092
0.5,0.5,0.75,Cybersecurity Researcher,0.0,0.0,0.0,0.0,0.0,0.0
0.5,0.5,0.5,Penetration Tester,63.842017356079836,64.18825793880579,56.573802888332416,70.04318254427825,46.173609693298786,70.78448789499133
0.5,0.5,0.5,Cybersecurity Implementer,65.22543519681504,65.63787039871836,60.09166247208645,68.93722899531392,51.84173593324268,68.93722899531392
0.5,0.5,0.5,Cyber Threat Intelligence Specialist,46.9312412919903,48.39651995955589,36.858058421094356,58.33150145757331,31.408424534496383,58.33150145757331
0.5,0.5,0.5,Cyber Incident Responder,36.63725344950983,36.17377655889766,29.16575072878666,42.94688607295792,25.319596882632812,42.94688607295792
0.5,0.5,0.5,Digital Forensics Investigator,35.94280885352229,35.25457838065023,28.84065821887377,42.26260421076123,22.751830567010195,42.94688607295792
0.5,0.5,0.5,Cybersecurity Risk Manager,44.227026950393395,44.99999999999999,37.071067811865476,50.0,30.830951894845306,50.0
0.5,0.5,0.5,Cybersecurity Architect,36.288,36.666666666666664,30.0,40.0,23.333333333333332,40.0
0.5,0.5,0.5,Cybersecurity Auditor,12.37375,12.5,12.5,12.5,6.25,12.5
0.5,0.5,0.5,"Cyber Legal, Policy & Compliance Officer",0.0,0.0,0.0,0.0,0.0,0.0
0.5,0.5,0.5,Cybersecurity Educator,34.20875,31.25,31.25,37.5,25.0,37.5
0.5,0.5,0.5,Chief Information Security Officer (CISO),9.003636363636366,9.090909090909092,9.090909090909092,9.090909090909092,4.545454545454546,9.090909090909092
0.5,0.5,0.5,Cybersecurity Researcher,0.0,0.0,0.0,0.0,0.0,0.0
0.5,0.5,0.3,Penetration Tester,61.701328940231846,61.54976595633157,52.543182544278245,70.04318254427825,38.7353463684974,70.78448789499133
0.5,0.5,0.3,Cybersecurity Implementer,64.17622130035761,65.22662324404872,57.245593387947444,68.93722899531392,45.32701740690717,68.93722899531392
0.5,0.5,0.3,Cyber Threat Intelligence Specialist,42.37113722575708,44.422527360348916,28.26868120650276,58.33150145757331,20.639193765265617,58.33150145757331
0.5,0.5,0.3,Cyber Incident Responder,34.352226306353536,33.738245498152224,23.65329659111815,42.94688607295792,18.268681206502762,42.94688607295792
0.5,0.5,0.3,Digital Forensics Investigator,33.63224324882754,32.17765530372716,23.65329659111815,42.26260421076123,16.01565644639928,42.94688607295792
0.5,0.5,0.3,Cybersecurity Risk Manager,42.2282269503934,43.00000000000001,33.071067811865476,50.0,24.830951894845303,50.0
0.5,0.5,0.3,Cybersecurity Architect,34.8032,35.33333333333333,26.0,40.0,16.666666666666664,40.0
0.5,0.5,0.3,Cybersecurity Auditor,12.323250000000002,12.5,12.5,12.5,3.75,12.5
0.5,0.5,0.3,"Cyber Legal, Policy & Compliance Officer",0.0,0.0,0.0,0.0,0.0,0.0
0.5,0.5,0.3,Cybersecurity Educator,32.892250000000004,28.749999999999996,28.749999999999996,37.5,20.0,37.5
0.5,0.5,0.3,Chief Information Security Officer (CISO),8.968727272727275,9.090909090909092,9.090909090909092,9.090909090909092,2.727272727272727,9.090909090909092
0.5,0.5,0.3,Cybersecurity Researcher,0.0,0.0,0.0,0.0,0.0,0.0
0.5,0.5,0.1,Penetration Tester,59.56064052438386,59.14423959881354,47.61596125425157,70.04318254427825,29.57844878949914,70.78448789499133
0.5,0.5,0.1,Cybersecurity Implementer,63.127007403900194,64.16645017225868,54.36723849797558,68.93722899531392,38.81229888057166,68.93722899531392
0.5,0.5,0.1,Cyber Threat Intelligence Specialist,37.81103315952387,40.44853476114195,19.67930399191118,58.33150145757331,9.869962996034849,58.33150145757331
0.5,0.5,0.1,Cyber Incident Responder,32.06719916319726,31.30271443740679,18.14084245344964,42.94688607295792,11.217765530372716,42.94688607295792
0.5,0.5,0.1,Digital Forensics Investigator,31.321677644132794,29.733971539500004,18.14084245344964,42.26260421076123,8.964740770269236,42.94688607295792
0.5,0.5,0.1,Cybersecurity Risk Manager,40.22942695039339,41.0,29.071067811865483,50.0,18.8309518948453,50.0
0.5,0.5,0.1,Cybersecurity Architect,33.31839999999999,34.0,21.999999999999996,40.0,10.0,40.0
0.5,0.5,0.1,Cybersecurity Auditor,12.27275,12.5,12.5,12.5,1.25,12.5
0.5,0.5,0.1,"Cyber Legal, Policy & Compliance Officer",0.0,0.0,0.0,0.0,0.0,0.0
0.5,0.5,0.1,Cybersecurity Educator,31.575749999999996,26.25,26.25,37.5,15.0,37.5
0.5,0.5,0.1,Chief Information Security Officer (CISO),8.933818181818186,9.090909090909092,9.090909090909092,9.090909090909092,0.9090909090909092,9.090909090909092
0.5,0.5,0.1,Cybersecurity Researcher,0.0,0.0,0.0,0.0,0.0,0.0
0.5,0.75,0.85,Penetration Tester,65.05207478004354,65.16681471074263,61.41681471074262,68.03471823540913,60.16681471074262,70.05561890813567
0.5,0.75,0.85,Cybersecurity Implementer,65.0232654314599,65.41482646419864,61.838221414552855,68.14209919147137,59.39177444985937,68.93722899531392
0.5,0.75,0.85,Cyber Threat Intelligence Specialist,52.47292243439049,51.889468546629615,50.25457838065023,56.504853162014236,49.58177623893731,58.33150145757331
0.5,0.75,0.85,Cyber Incident Responder,39.129292575408435,38.812545469706535,37.65869931586038,41.12023777739885,36.504853162014236,42.94688607295792
0.5,0.75,0.85,Digital Forensics Investigator,38.41782121804238,38.3315014575733,36.504853162014236,40.90552020685162,36.504853162014236,42.94688607295792
0.5,0.75,0.85,Cybersecurity Risk Manager,46.28337438557335,45.50000000000001,44.00000000000001,49.1104335791443,42.50000000000001,50.0
0.5,0.75,0.85,Cybersecurity Architect,37.55159999999999,37.99999999999999,36.0,40.0,34.0,40.0
0.5,0.75,0.85,Cybersecurity Auditor,12.093874999999999,12.5,10.625,12.5,10.625,12.5
0.5,0.75,0.85,"Cyber Legal, Policy & Compliance Officer",0.0,0.0,0.0,0.0,0.0,0.0
0.5,0.75,0.85,Cybersecurity Educator,35.264250000000004,35.625,33.75,37.5,31.874999999999996,37.5
0.5,0.75,0.85,Chief Information Security Officer (CISO),8.79227272727273,9.090909090909092,7.727272727272727,9.090909090909092,7.727272727272727,9.090909090909092
0.5,0.75,0.85,Cybersecurity Researcher,0.0,0.0,0.0,0.0,0.0,0.0
0.5,0.75,0.75,Penetration Tester,61.67696153676773,61.62023477749954,55.37023477749954,66.71547224417202,53.08836592124349,70.04318254427825
0.5,0.75,0.75,Cybersecurity Implementer,62.76348305822056,63.066558110121804,57.569636612133614,67.61201265557635,53.9756490192127,68.93722899531392
0.5,0.75,0.75,Cyber Threat Intelligence Specialist,48.56720308560195,47.59477993933384,44.86996299603485,55.28708763164152,43.748626093179986,58.33150145757331
0.5,0.75,0.75,Cyber Incident Responder,36.75962916227874,36.05631840087229,34.13324147779537,40.42966668692802,32.210164554718446,42.94688607295792
0.5,0.75,0.75,Digital Forensics Investigator,35.72580394824749,35.3720365386756,32.210164554718446,39.90247224702614,32.210164554718446,42.94688607295792
0.5,0.75,0.75,Cybersecurity Risk Manager,44.01604710192985,43.18535277187245,40.0,49.1104335791443,37.50000000000001,50.0
0.5,0.75,0.75,Cybersecurity Architect,35.919333333333334,36.666666666666664,33.33333333333333,40.0,30.0,40.0
0.5,0.75,0.75,Cybersecurity Auditor,11.823125,12.5,9.375,12.5,9.375,12.5
0.5,0.75,0.75,"Cyber Legal, Policy & Compliance Officer",0.0,0.0,0.0,0.0,0.0,0.0
0.5,0.75,0.75,Cybersecurity Educator,33.77375,34.375,31.25,37.5,28.125,37.5
0.5,0.75,0.75,Chief Information Security Officer (CISO),8.593181818181819,9.090909090909092,6.8181818181818175,9.090909090909092,6.8181818181818175,9.090909090909092
0.5,0.75,0.75,Cybersecurity Researcher,0.0,0.0,0.0,0.0,0.0,0.0
0.5,0.75,0.5,Penetration Tester,54.22073555727266,54.847913045111184,43.725577280829,63.44695258809271,35.392243947495665,70.04318254427825
0.5,0.75,0.5,Cybersecurity Implementer,57.563573143072745,57.195887224929685,47.72077789503264,66.28679631583879,39.0140690431115,68.93722899531392
0.5,0.75,0.5,Cyber Threat Intelligence Specialist,38.80290471363058,36.858058421094356,31.408424534496383,52.242673805709735,29.165750728786655,58.33150145757331
0.5,0.75,0.5,Cyber Incident Responder,31.194517638843838,30.724142672299692,25.319596882632812,39.100732226804084,21.47344303647896,42.94688607295792
0.5,0.75,0.5,Digital Forensics Investigator,29.567522756472197,29.165750728786655,22.751830567010195,37.70484974362904,21.47344303647896,42.94688607295792
0.5,0.75,0.5,Cybersecurity Risk Manager,38.814490005027245,38.18535277187245,30.830951894845306,49.1104335791443,25.0,50.0
0.5,0.75,0.5,Cybersecurity Architect,31.838666666666665,33.33333333333333,26.666666666666668,40.0,20.0,40.0
0.5,0.75,0.5,Cybersecurity Auditor,11.14625,12.5,6.25,12.5,6.25,12.5
0.5,0.75,0.5,"Cyber Legal, Policy & Compliance Officer",0.0,0.0,0.0,0.0,0.0,0.0
0.5,0.75,0.5,Cybersecurity Educator,30.0475,31.25,25.0,37.5,18.75,37.5
0.5,0.75,0.5,Chief Information Security Officer (CISO),8.095454545454546,9.090909090909092,4.545454545454546,9.090909090909092,4.545454545454546,9.090909090909092
0.5,0.75,0.5,Cybersecurity Researcher,0.0,0.0,0.0,0.0,0.0,0.0
0.5,0.75,0.3,Penetration Tester,48.73762159431444,49.48917517538554,32.90201303516407,60.808460605618485,21.235346368497396,70.04318254427825
0.5,0.75,0.3,Cybersecurity Implementer,53.818054682299824,54.99350516775991,39.772077789503264,65.22662324404872,27.044805062230537,68.93722899531392
0.5,0.75,0.3,Cyber Threat Intelligence Specialist,30.991466016053494,28.26868120650276,20.639193765265617,49.8071427449643,17.499450437271992,58.33150145757331
0.5,0.75,0.3,Cyber Incident Responder,26.91692509511289,26.108758056915075,18.268681206502762,37.56227068834254,12.884065821887377,42.94688607295792
0.5,0.75,0.3,Digital Forensics Investigator,25.011160981972036,23.65329659111815,16.01565644639928,36.532965911181456,12.884065821887377,42.94688607295792
0.5,0.75,0.3,Cybersecurity Risk Manager,34.88009000502724,34.18535277187245,24.830951894845303,49.1104335791443,15.0,50.0
0.5,0.75,0.3,Cybersecurity Architect,28.57413333333333,30.666666666666664,21.33333333333333,40.0,12.000000000000002,40.0
0.5,0.75,0.3,Cybersecurity Auditor,10.60475,12.5,3.75,12.5,3.75,12.5
0.5,0.75,0.3,"Cyber Legal, Policy & Compliance Officer",0.0,0.0,0.0,0.0,0.0,0.0
0.5,0.75,0.3,Cybersecurity Educator,27.066499999999998,28.749999999999996,20.0,37.5,11.249999999999998,37.5
0.5,0.75,0.3,Chief Information Security Officer (CISO),7.697272727272729,9.090909090909092,2.727272727272727,9.090909090909092,2.727272727272727,9.090909090909092
0.5,0.75,0.3,Cybersecurity Researcher,0.0,0.0,0.0,0.0,0.0,0.0
0.5,0.75,0.1,Penetration Tester,43.25450763135624,44.578448789499134,23.603172982817668,58.169968623144264,7.0784487894991335,70.04318254427825
0.5,0.75,0.1,Cybersecurity Implementer,50.072536221526896,52.57359263167755,31.439177444985944,64.16645017225868,15.075541081349575,68.93722899531392
0.5,0.75,0.1,Cyber Threat Intelligence Specialist,23.1800273184764,19.67930399191118,9.869962996034849,47.37161168421887,5.833150145757331,58.33150145757331
0.5,0.75,0.1,Cyber Incident Responder,22.63933255138196,21.856959295638333,11.217765530372716,36.657048462576924,4.294688607295793,42.94688607295792
0.5,0.75,0.1,Digital Forensics Investigator,20.454799207471865,18.970695222838927,8.964740770269236,35.339527287684305,4.294688607295793,42.94688607295792
0.5,0.75,0.1,Cybersecurity Risk Manager,30.94569000502724,30.185352771872452,18.8309518948453,49.1104335791443,5.000000000000001,50.0
0.5,0.75,0.1,Cybersecurity Architect,25.3096,27.999999999999996,15.999999999999998,40.0,4.0,40.0
0.5,0.75,0.1,Cybersecurity Auditor,10.06325,12.5,1.25,12.5,1.25,12.5
0.5,0.75,0.1,"Cyber Legal, Policy & Compliance Officer",0.0,0.0,0.0,0.0,0.0,0.0
0.5,0.75,0.1,Cybersecurity Educator,24.0855,26.25,15.0,37.5,3.7500000000000004,37.5
0.5,0.75,0.1,Chief Information Security Officer (CISO),7.299090909090909,9.090909090909092,0.9090909090909092,9.090909090909092,0.9090909090909092,9.090909090909092
0.5,0.75,0.1,Cybersecurity Researcher,0.0,0.0,0.0,0.0,0.0,0.0
0.5,1.0,0.85,Penetration Tester,60.166814710742635,60.166814710742635,60.166814710742635,60.166814710742635,60.166814710742635,60.166814710742635
0.5,1.0,0.85,Cybersecurity Implementer,58.59664464601683,58.59664464601683,58.59664464601683,58.59664464601683,58.59664464601683,58.59664464601683
0.5,1.0,0.85,Cyber Threat Intelligence Specialist,49.581776238937316,49.581776238937316,49.581776238937316,49.581776238937316,49.581776238937316,49.581776238937316
0.5,1.0,0.85,Cyber Incident Responder,36.50485316201424,36.50485316201424,36.50485316201424,36.50485316201424,36.50485316201424,36.50485316201424
0.5,1.0,0.85,Digital Forensics Investigator,36.50485316201424,36.50485316201424,36.50485316201424,36.50485316201424,36.50485316201424,36.50485316201424
0.5,1.0,0.85,Cybersecurity Risk Manager,42.50000000000001,42.50000000000001,42.50000000000001,42.50000000000001,42.50000000000001,42.50000000000001
0.5,1.0,0.85,Cybersecurity Architect,34.0,34.0,34.0,34.0,34.0,34.0
0.5,1.0,0.85,Cybersecurity Auditor,10.625,10.625,10.625,10.625,10.625,10.625
0.5,1.0,0.85,"Cyber Legal, Policy & Compliance Officer",0.0,0.0,0.0,0.0,0.0,0.0
0.5,1.0,0.85,Cybersecurity Educator,31.874999999999996,31.874999999999996,31.874999999999996,31.874999999999996,31.874999999999996,31.874999999999996
0.5,1.0,0.85,Chief Information Security Officer (CISO),7.727272727272727,7.727272727272727,7.727272727272727,7.727272727272727,7.727272727272727,7.727272727272727
0.5,1.0,0.85,Cybersecurity Researcher,0.0,0.0,0.0,0.0,0.0,0.0
0.5,1.0,0.75,Penetration Tester,53.08836592124349,53.08836592124349,53.08836592124349,53.08836592124349,53.08836592124349,53.08836592124349
0.5,1.0,0.75,Cybersecurity Implementer,51.70292174648543,51.70292174648543,51.70292174648543,51.70292174648543,51.70292174648543,51.70292174648543
0.5,1.0,0.75,Cyber Threat Intelligence Specialist,43.748626093179986,43.748626093179986,43.748626093179986,43.748626093179986,43.748626093179986,43.748626093179986
0.5,1.0,0.75,Cyber Incident Responder,32.210164554718446,32.210164554718446,32.210164554718446,32.210164554718446,32.210164554718446,32.210164554718446
0.5,1.0,0.75,Digital Forensics Investigator,32.210164554718446,32.210164554718446,32.210164554718446,32.210164554718446,32.210164554718446,32.210164554718446
0.5,1.0,0.75,Cybersecurity Risk Manager,37.50000000000001,37.50000000000001,37.50000000000001,37.50000000000001,37.50000000000001,37.50000000000001
0.5,1.0,0.75,Cybersecurity Architect,30.000000000000004,30.000000000000004,30.000000000000004,30.000000000000004,30.000000000000004,30.000000000000004
0.5,1.0,0.75,Cybersecurity Auditor,9.375,9.375,9.375,9.375,9.375,9.375
0.5,1.0,0.75,"Cyber Legal, Policy & Compliance Officer",0.0,0.0,0.0,0.0,0.0,0.0
0.5,1.0,0.75,Cybersecurity Educator,28.125,28.125,28.125,28.125,28.125,28.125
0.5,1.0,0.75,Chief Information Security Officer (CISO),6.8181818181818175,6.8181818181818175,6.8181818181818175,6.8181818181818175,6.8181818181818175,6.8181818181818175
0.5,1.0,0.75,Cybersecurity Researcher,0.0,0.0,0.0,0.0,0.0,0.0
0.5,1.0,0.5,Penetration Tester,35.39224394749566,35.39224394749566,35.39224394749566,35.39224394749566,35.39224394749566,35.39224394749566
0.5,1.0,0.5,Cybersecurity Implementer,34.46861449765696,34.46861449765696,34.46861449765696,34.46861449765696,34.46861449765696,34.46861449765696
0.5,1.0,0.5,Cyber Threat Intelligence Specialist,29.165750728786655,29.165750728786655,29.165750728786655,29.165750728786655,29.165750728786655,29.165750728786655
0.5,1.0,0.5,Cyber Incident Responder,21.47344303647896,21.47344303647896,21.47344303647896,21.47344303647896,21.47344303647896,21.47344303647896
0.5,1.0,0.5,Digital Forensics Investigator,21.47344303647896,21.47344303647896,21.47344303647896,21.47344303647896,21.47344303647896,21.47344303647896
0.5,1.0,0.5,Cybersecurity Risk Manager,25.0,25.0,25.0,25.0,25.0,25.0
0.5,1.0,0.5,Cybersecurity Architect,20.0,20.0,20.0,20.0,20.0,20.0
0.5,1.0,0.5,Cybersecurity Auditor,6.25,6.25,6.25,6.25,6.25,6.25
0.5,1.0,0.5,"Cyber Legal, Policy & Compliance Officer",0.0,0.0,0.0,0.0,0.0,0.0
0.5,1.0,0.5,Cybersecurity Educator,18.75,18.75,18.75,18.75,18.75,18.75
0.5,1.0,0.5,Chief Information Security Officer (CISO),4.545454545454546,4.545454545454546,4.545454545454546,4.545454545454546,4.545454545454546,4.545454545454546
0.5,1.0,0.5,Cybersecurity Researcher,0.0,0.0,0.0,0.0,0.0,0.0
0.5,1.0,0.3,Penetration Tester,21.2353463684974,21.2353463684974,21.2353463684974,21.2353463684974,21.2353463684974,21.2353463684974
0.5,1.0,0.3,Cybersecurity Implementer,20.681168698594174,20.681168698594174,20.681168698594174,20.681168698594174,20.681168698594174,20.681168698594174
0.5,1.0,0.3,Cyber Threat Intelligence Specialist,17.499450437271992,17.499450437271992,17.499450437271992,17.499450437271992,17.499450437271992,17.499450437271992
0.5,1.0,0.3,Cyber Incident Responder,12.884065821887377,12.884065821887377,12.884065821887377,12.884065821887377,12.884065821887377,12.884065821887377
0.5,1.0,0.3,Digital Forensics Investigator,12.884065821887377,12.884065821887377,12.884065821887377,12.884065821887377,12.884065821887377,12.884065821887377
0.5,1.0,0.3,Cybersecurity Risk Manager,15.0,15.0,15.0,15.0,15.0,15.0
0.5,1.0,0.3,Cybersecurity Architect,12.0,12.0,12.0,12.0,12.0,12.0
0.5,1.0,0.3,Cybersecurity Auditor,3.75,3.75,3.75,3.75,3.75,3.75
0.5,1.0,0.3,"Cyber Legal, Policy & Compliance Officer",0.0,0.0,0.0,0.0,0.0,0.0
0.5,1.0,0.3,Cybersecurity Educator,11.249999999999998,11.249999999999998,11.249999999999998,11.249999999999998,11.249999999999998,11.249999999999998
0.5,1.0,0.3,Chief Information Security Officer (CISO),2.727272727272727,2.727272727272727,2.727272727272727,2.727272727272727,2.727272727272727,2.727272727272727
0.5,1.0,0.3,Cybersecurity Researcher,0.0,0.0,0.0,0.0,0.0,0.0
0.5,1.0,0.1,Penetration Tester,7.0784487894991335,7.0784487894991335,7.0784487894991335,7.0784487894991335,7.0784487894991335,7.0784487894991335
0.5,1.0,0.1,Cybersecurity Implementer,6.893722899531392,6.893722899531392,6.893722899531392,6.893722899531392,6.893722899531392,6.893722899531392
0.5,1.0,0.1,Cyber Threat Intelligence Specialist,5.833150145757331,5.833150145757331,5.833150145757331,5.833150145757331,5.833150145757331,5.833150145757331
0.5,1.0,0.1,Cyber Incident Responder,4.294688607295793,4.294688607295793,4.294688607295793,4.294688607295793,4.294688607295793,4.294688607295793
0.5,1.0,0.1,Digital Forensics Investigator,4.294688607295793,4.294688607295793,4.294688607295793,4.294688607295793,4.294688607295793,4.294688607295793
0.5,1.0,0.1,Cybersecurity Risk Manager,5.000000000000001,5.000000000000001,5.000000000000001,5.000000000000001,5.000000000000001,5.000000000000001
0.5,1.0,0.1,Cybersecurity Architect,4.0,4.0,4.0,4.0,4.0,4.0
0.5,1.0,0.1,Cybersecurity Auditor,1.25,1.25,1.25,1.25,1.25,1.25
0.5,1.0,0.1,"Cyber Legal, Policy & Compliance Officer",0.0,0.0,0.0,0.0,0.0,0.0
0.5,1.0,0.1,Cybersecurity Educator,3.7500000000000004,3.7500000000000004,3.7500000000000004,3.7500000000000004,3.7500000000000004,3.7500000000000004
0.5,1.0,0.1,Chief Information Security Officer (CISO),0.9090909090909092,0.9090909090909092,0.9090909090909092,0.9090909090909092,0.9090909090909092,0.9090909090909092
0.5,1.0,0.1,Cybersecurity Researcher,0.0,0.0,0.0,0.0,0.0,0.0
1.0,0.1,0.85,Penetration Tester,67.69535583333334,68.08333333333334,66.83333333333333,68.08333333333334,64.33333333333333,68.08333333333334
1.0,0.1,0.85,Cybersecurity Implementer,66.54374363636364,66.72727272727273,65.36363636363637,66.72727272727273,63.536363636363646,66.72727272727273
1.0,0.1,0.85,Cyber Threat Intelligence Specialist,55.918090769230766,56.46153846153846,51.84615384615384,56.46153846153846,50.69230769230769,56.46153846153846
1.0,0.1,0.85,Cyber Incident Responder,40.724090769230756,41.07692307692308,38.76923076923077,41.07692307692308,37.22307692307692,41.07692307692308
1.0,0.1,0.85,Digital Forensics Investigator,40.6195523076923,41.07692307692308,38.76923076923077,41.07692307692308,37.22307692307692,41.07692307692308
1.0,0.1,0.85,Cybersecurity Risk Manager,49.595600000000005,50.0,47.00000000000001,50.0,45.50000000000001,50.0
1.0,0.1,0.85,Cybersecurity Architect,39.8254,40.0,38.0,40.0,38.0,40.0
1.0,0.1,0.85,Cybersecurity Auditor,12.5,12.5,12.5,12.5,12.5,12.5
1.0,0.1,0.85,"Cyber Legal, Policy & Compliance Officer",0.0,0.0,0.0,0.0,0.0,0.0
1.0,0.1,0.85,Cybersecurity Educator,37.332750000000004,37.5,35.625,37.5,35.625,37.5
1.0,0.1,0.85,Chief Information Security Officer (CISO),9.090909090909092,9.090909090909092,9.090909090909092,9.090909090909092,9.090909090909092,9.090909090909092
1.0,0.1,0.85,Cybersecurity Researcher,0.0,0.0,0.0,0.0,0.0,0.0
1.0,0.1,0.75,Penetration Tester,67.53665833333334,68.08333333333334,66.0,68.08333333333334,62.58333333333332,68.08333333333334
1.0,0.1,0.75,Cybersecurity Implementer,66.48946363636364,66.72727272727273,65.18181818181819,66.72727272727273,62.86363636363637,66.72727272727273
1.0,0.1,0.75,Cyber Threat Intelligence Specialist,55.55579230769231,56.46153846153846,48.769230769230774,56.46153846153846,46.846153846153854,56.46153846153846
1.0,0.1,0.75,Cyber Incident Responder,40.54425384615384,41.07692307692308,37.23076923076923,41.07692307692308,35.26923076923077,41.07692307692308
1.0,0.1,0.75,Digital Forensics Investigator,40.42282307692307,41.07692307692308,37.23076923076923,41.07692307692308,35.26923076923077,41.07692307692308
1.0,0.1,0.75,Cybersecurity Risk Manager,49.39799999999999,50.0,45.00000000000001,50.0,42.50000000000001,50.0
1.0,0.1,0.75,Cybersecurity Architect,39.708999999999996,40.0,36.666666666666664,40.0,36.666666666666664,40.0
1.0,0.1,0.75,Cybersecurity Auditor,12.5,12.5,12.5,12.5,12.5,12.5
1.0,0.1,0.75,"Cyber Legal, Policy & Compliance Officer",0.0,0.0,0.0,0.0,0.0,0.0
1.0,0.1,0.75,Cybersecurity Educator,37.22125,37.5,34.375,37.5,34.375,37.5
1.0,0.1,0.75,Chief Information Security Officer (CISO),9.090909090909092,9.090909090909092,9.090909090909092,9.090909090909092,9.090909090909092,9.090909090909092
1.0,0.1,0.75,Cybersecurity Researcher,0.0,0.0,0.0,0.0,0.0,0.0
1.0,0.1,0.5,Penetration Tester,67.25551666666667,68.08333333333334,63.916666666666664,68.08333333333334,59.75,68.08333333333334
1.0,0.1,0.5,Cybersecurity Implementer,66.40341818181817,66.72727272727273,65.18181818181819,66.72727272727273,62.09090909090909,66.72727272727273
1.0,0.1,0.5,Cyber Threat Intelligence Specialist,54.65004615384616,56.46153846153846,41.07692307692308,56.46153846153846,37.23076923076923,56.46153846153846
1.0,0.1,0.5,Cyber Incident Responder,40.135815384615384,41.07692307692308,33.38461538461539,41.07692307692308,29.53846153846154,41.07692307692308
1.0,0.1,0.5,Digital Forensics Investigator,40.01116923076923,41.07692307692308,33.38461538461539,41.07692307692308,29.53846153846154,41.07692307692308
1.0,0.1,0.5,Cybersecurity Risk Manager,48.957499999999996,50.0,40.0,50.0,36.7,50.0
1.0,0.1,0.5,Cybersecurity Architect,39.41799999999999,40.0,33.33333333333333,40.0,33.33333333333333,40.0
1.0,0.1,0.5,Cybersecurity Auditor,12.5,12.5,12.5,12.5,12.5,12.5
1.0,0.1,0.5,"Cyber Legal, Policy & Compliance Officer",0.0,0.0,0.0,0.0,0.0,0.0
1.0,0.1,0.5,Cybersecurity Educator,36.9425,37.5,31.25,37.5,31.25,37.5
1.0,0.1,0.5,Chief Information Security Officer (CISO),9.090909090909092,9.090909090909092,9.090909090909092,9.090909090909092,9.090909090909092,9.090909090909092
1.0,0.1,0.5,Cybersecurity Researcher,0.0,0.0,0.0,0.0,0.0,0.0
1.0,0.1,0.3,Penetration Tester,67.03687000000001,68.08333333333334,62.24999999999999,68.08333333333334,56.41666666666666,68.08333333333334
1.0,0.1,0.3,Cybersecurity Implementer,66.33733090909091,66.72727272727273,64.56363636363636,66.72727272727273,60.363636363636374,66.72727272727273
1.0,0.1,0.3,Cyber Threat Intelligence Specialist,53.92544923076924,56.46153846153846,34.92307692307692,56.46153846153846,29.538461538461537,56.46153846153846
1.0,0.1,0.3,Cyber Incident Responder,39.81183384615384,41.07692307692308,30.307692307692303,41.07692307692308,24.923076923076927,41.07692307692308
1.0,0.1,0.3,Digital Forensics Investigator,39.68694153846153,41.07692307692308,30.307692307692314,41.07692307692308,24.923076923076927,41.07692307692308
1.0,0.1,0.3,Cybersecurity Risk Manager,48.6087,50.0,36.0,50.0,32.7,50.0
1.0,0.1,0.3,Cybersecurity Architect,39.185199999999995,40.0,30.666666666666664,40.0,30.666666666666664,40.0
1.0,0.1,0.3,Cybersecurity Auditor,12.5,12.5,12.5,12.5,12.5,12.5
1.0,0.1,0.3,"Cyber Legal, Policy & Compliance Officer",0.0,0.0,0.0,0.0,0.0,0.0
1.0,0.1,0.3,Cybersecurity Educator,36.7195,37.5,28.749999999999996,37.5,28.749999999999996,37.5
1.0,0.1,0.3,Chief Information Security Officer (CISO),9.090909090909092,9.090909090909092,9.090909090909092,9.090909090909092,9.090909090909092,9.090909090909092
1.0,0.1,0.3,Cybersecurity Researcher,0.0,0.0,0.0,0.0,0.0,0.0
1.0,0.1,0.1,Penetration Tester,66.81822333333334,68.08333333333334,60.583333333333336,68.08333333333334,53.08333333333333,68.08333333333334
1.0,0.1,0.1,Cybersecurity Implementer,66.27153454545454,66.72727272727273,63.94545454545455,66.72727272727273,58.545454545454554,66.72727272727273
1.0,0.1,0.1,Cyber Threat Intelligence Specialist,53.200852307692315,56.46153846153846,28.76923076923077,56.46153846153846,21.846153846153847,56.46153846153846
1.0,0.1,0.1,Cyber Incident Responder,39.48785230769231,41.07692307692308,27.23076923076923,41.07692307692308,20.30769230769231,41.07692307692308
1.0,0.1,0.1,Digital Forensics Investigator,39.36296,41.07692307692308,27.230769230769237,41.07692307692308,20.30769230769231,41.07692307692308
1.0,0.1,0.1,Cybersecurity Risk Manager,48.25990000000001,50.0,32.00000000000001,50.0,28.700000000000003,50.0
1.0,0.1,0.1,Cybersecurity Architect,38.95239999999999,40.0,27.999999999999996,40.0,27.999999999999996,40.0
1.0,0.1,0.1,Cybersecurity Auditor,12.5,12.5,12.5,12.5,12.5,12.5
1.0,0.1,0.1,"Cyber Legal, Policy & Compliance Officer",0.0,0.0,0.0,0.0,0.0,0.0
1.0,0.1,0.1,Cybersecurity Educator,36.4965,37.5,26.25,37.5,26.25,37.5
1.0,0.1,0.1,Chief Information Security Officer (CISO),9.090909090909092,9.090909090909092,9.090909090909092,9.090909090909092,9.090909090909092,9.090909090909092
1.0,0.1,0.1,Cybersecurity Researcher,0.0,0.0,0.0,0.0,0.0,0.0
1.0,0.25,0.85,Penetration Tester,66.92525333333333,66.83333333333333,65.15833333333333,68.08333333333334,61.62083333333332,68.08333333333334
1.0,0.25,0.85,Cybersecurity Implementer,66.14135636363638,66.72727272727273,64.0,66.72727272727273,62.17272727272728,66.72727272727273
1.0,0.25,0.85,Cyber Threat Intelligence Specialist,54.87122461538462,56.06923076923077,50.69230769230769,56.46153846153846,49.146153846153844,56.46153846153846
1.0,0.25,0.85,Cyber Incident Responder,40.07391692307692,40.684615384615384,37.61538461538461,41.07692307692308,36.069230769230764,41.07692307692308
1.0,0.25,0.85,Digital Forensics Investigator,39.79907076923077,39.92307692307692,37.61538461538461,41.07692307692308,35.30769230769231,41.07692307692308
1.0,0.25,0.85,Cybersecurity Risk Manager,48.9059,50.0,45.50000000000001,50.0,45.50000000000001,50.0
1.0,0.25,0.85,Cybersecurity Architect,39.499399999999994,40.0,38.0,40.0,37.0,40.0
1.0,0.25,0.85,Cybersecurity Auditor,12.498874999999998,12.5,12.5,12.5,10.625,12.5
1.0,0.25,0.85,"Cyber Legal, Policy & Compliance Officer",0.0,0.0,0.0,0.0,0.0,0.0
1.0,0.25,0.85,Cybersecurity Educator,37.026375,37.5,35.625,37.5,33.75,37.5
1.0,0.25,0.85,Chief Information Security Officer (CISO),9.090909090909092,9.090909090909092,9.090909090909092,9.090909090909092,9.090909090909092,9.090909090909092
1.0,0.25,0.85,Cybersecurity Researcher,0.0,0.0,0.0,0.0,0.0,0.0
1.0,0.25,0.75,Penetration Tester,66.37939166666666,66.66666666666667,63.87500000000001,68.08333333333334,57.70833333333333,68.08333333333334
1.0,0.25,0.75,Cybersecurity Implementer,65.91438181818184,66.72727272727273,63.63636363636363,66.72727272727273,59.136363636363654,66.72727272727273
1.0,0.25,0.75,Cyber Threat Intelligence Specialist,53.81101538461539,55.807692307692314,46.846153846153854,56.46153846153846,44.269230769230774,56.46153846153846
1.0,0.25,0.75,Cyber Incident Responder,39.52081538461538,40.42307692307692,35.92307692307693,41.07692307692308,33.34615384615385,41.07692307692308
1.0,0.25,0.75,Digital Forensics Investigator,39.177692307692304,39.76923076923077,35.92307692307693,41.07692307692308,32.69230769230769,41.07692307692308
1.0,0.25,0.75,Cybersecurity Risk Manager,48.32674000000001,50.0,43.300000000000004,50.0,42.50000000000001,50.0
1.0,0.25,0.75,Cybersecurity Architect,39.16566666666666,40.0,36.666666666666664,40.0,35.0,40.0
1.0,0.25,0.75,Cybersecurity Auditor,12.498125,12.5,12.5,12.5,9.375,12.5
1.0,0.25,0.75,"Cyber Legal, Policy & Compliance Officer",0.0,0.0,0.0,0.0,0.0,0.0
1.0,0.25,0.75,Cybersecurity Educator,36.710625,37.5,34.375,37.5,31.25,37.5
1.0,0.25,0.75,Chief Information Security Officer (CISO),9.090909090909092,9.090909090909092,9.090909090909092,9.090909090909092,9.090909090909092,9.090909090909092
1.0,0.25,0.75,Cybersecurity Researcher,0.0,0.0,0.0,0.0,0.0,0.0
1.0,0.25,0.5,Penetration Tester,65.35485000000001,66.66666666666667,61.083333333333336,68.08333333333334,48.66666666666667,68.08333333333334
1.0,0.25,0.5,Cybersecurity Implementer,65.53020000000001,66.72727272727273,62.18181818181818,66.72727272727273,53.090909090909086,66.72727272727273
1.0,0.25,0.5,Cyber Threat Intelligence Specialist,51.16049230769231,55.15384615384615,37.23076923076923,56.46153846153846,32.07692307692308,56.46153846153846
1.0,0.25,0.5,Cyber Incident Responder,38.26652307692308,39.769230769230774,32.07692307692307,41.07692307692308,26.923076923076927,41.07692307692308
1.0,0.25,0.5,Digital Forensics Investigator,37.87921538461539,39.76923076923077,32.07692307692307,41.07692307692308,25.692307692307693,41.07692307692308
1.0,0.25,0.5,Cybersecurity Risk Manager,47.045840000000005,50.0,38.3,50.0,35.0,50.0
1.0,0.25,0.5,Cybersecurity Architect,38.33133333333333,40.0,33.33333333333333,40.0,30.0,40.0
1.0,0.25,0.5,Cybersecurity Auditor,12.49625,12.5,12.5,12.5,6.25,12.5
1.0,0.25,0.5,"Cyber Legal, Policy & Compliance Officer",0.0,0.0,0.0,0.0,0.0,0.0
1.0,0.25,0.5,Cybersecurity Educator,35.92125,37.5,31.25,37.5,25.0,37.5
1.0,0.25,0.5,Chief Information Security Officer (CISO),9.090909090909092,9.090909090909092,9.090909090909092,9.090909090909092,9.090909090909092,9.090909090909092
1.0,0.25,0.5,Cybersecurity Researcher,0.0,0.0,0.0,0.0,0.0,0.0
1.0,0.25,0.3,Penetration Tester,64.61821,66.10000000000001,58.85,68.08333333333334,42.333333333333336,68.08333333333334
1.0,0.25,0.3,Cybersecurity Implementer,65.25726909090909,66.72727272727273,60.363636363636374,66.72727272727273,48.36363636363637,66.72727272727273
1.0,0.25,0.3,Cyber Threat Intelligence Specialist,49.04007384615385,54.63076923076924,29.538461538461537,56.46153846153846,22.323076923076922,56.46153846153846
1.0,0.25,0.3,Cyber Incident Responder,37.29595076923077,39.246153846153845,28.47692307692307,41.07692307692308,21.784615384615385,41.07692307692308
1.0,0.25,0.3,Digital Forensics Investigator,36.896704615384614,39.246153846153845,28.47692307692308,41.07692307692308,19.84615384615385,41.07692307692308
1.0,0.25,0.3,Cybersecurity Risk Manager,46.06384,50.0,34.300000000000004,50.0,31.0,50.0
1.0,0.25,0.3,Cybersecurity Architect,37.663866666666664,40.0,30.666666666666664,40.0,26.0,40.0
1.0,0.25,0.3,Cybersecurity Auditor,12.49475,12.5,12.5,12.5,3.75,12.5
1.0,0.25,0.3,"Cyber Legal, Policy & Compliance Officer",0.0,0.0,0.0,0.0,0.0,0.0
1.0,0.25,0.3,Cybersecurity Educator,35.289750000000005,37.5,28.749999999999996,37.5,20.0,37.5
1.0,0.25,0.3,Chief Information Security Officer (CISO),9.090909090909092,9.090909090909092,9.090909090909092,9.090909090909092,9.090909090909092,9.090909090909092
1.0,0.25,0.3,Cybersecurity Researcher,0.0,0.0,0.0,0.0,0.0,0.0
1.0,0.25,0.1,Penetration Tester,63.89153666666666,65.53333333333335,56.61666666666666,68.08333333333334,37.333333333333336,68.08333333333334
1.0,0.25,0.1,Cybersecurity Implementer,65.00004727272727,66.72727272727273,58.545454545454554,66.72727272727273,46.54545454545455,66.72727272727273
1.0,0.25,0.1,Cyber Threat Intelligence Specialist,46.919655384615375,54.10769230769231,21.846153846153847,56.46153846153846,12.56923076923077,56.46153846153846
1.0,0.25,0.1,Cyber Incident Responder,36.32660923076923,38.723076923076924,24.876923076923077,41.07692307692308,16.646153846153847,41.07692307692308
1.0,0.25,0.1,Digital Forensics Investigator,35.92674769230769,38.723076923076924,24.876923076923077,41.07692307692308,15.230769230769234,41.07692307692308
1.0,0.25,0.1,Cybersecurity Risk Manager,45.08344,50.0,30.300000000000004,50.0,27.0,50.0
1.0,0.25,0.1,Cybersecurity Architect,36.996399999999994,40.0,27.999999999999996,40.0,21.999999999999996,40.0
1.0,0.25,0.1,Cybersecurity Auditor,12.493249999999998,12.5,12.5,12.5,1.25,12.5
1.0,0.25,0.1,"Cyber Legal, Policy & Compliance Officer",0.0,0.0,0.0,0.0,0.0,0.0
1.0,0.25,0.1,Cybersecurity Educator,34.65825,37.5,26.25,37.5,15.0,37.5
1.0,0.25,0.1,Chief Information Security Officer (CISO),9.090909090909092,9.090909090909092,9.090909090909092,9.090909090909092,9.090909090909092,9.090909090909092
1.0,0.25,0.1,Cybersecurity Researcher,0.0,0.0,0.0,0.0,0.0,0.0
1.0,0.5,0.85,Penetration Tester,65.26866083333334,65.37083333333334,62.658333333333324,67.65833333333335,59.54583333333332,68.08333333333334
1.0,0.5,0.85,Cybersecurity Implementer,65.13785636363637,65.36363636363637,62.63636363636363,66.72727272727273,59.909090909090914,66.72727272727273
1.0,0.5,0.85,Cyber Threat Intelligence Specialist,53.17772461538461,53.761538461538464,50.3,56.46153846153846,48.38461538461538,56.46153846153846
1.0,0.5,0.85,Cyber Incident Responder,38.94972461538461,38.76923076923077,37.22307692307692,41.07692307692308,36.069230769230764,41.07692307692308
1.0,0.5,0.85,Digital Forensics Investigator,38.378109230769226,38.37692307692308,36.069230769230764,40.684615384615384,34.91538461538462,41.07692307692308
1.0,0.5,0.85,Cybersecurity Risk Manager,47.78660000000001,48.5,45.50000000000001,50.0,44.00000000000001,50.0
1.0,0.5,0.85,Cybersecurity Architect,38.8864,38.99999999999999,37.0,40.0,35.0,40.0
1.0,0.5,0.85,Cybersecurity Auditor,12.462125,12.5,12.5,12.5,10.625,12.5
1.0,0.5,0.85,"Cyber Legal, Policy & Compliance Officer",0.0,0.0,0.0,0.0,0.0,0.0
1.0,0.5,0.85,Cybersecurity Educator,36.512625,35.625,35.625,37.5,33.75,37.5
1.0,0.5,0.85,Chief Information Security Officer (CISO),9.064727272727275,9.090909090909092,9.090909090909092,9.090909090909092,7.727272727272727,9.090909090909092
1.0,0.5,0.85,Cybersecurity Researcher,0.0,0.0,0.0,0.0,0.0,0.0
1.0,0.5,0.75,Penetration Tester,63.75577083333334,63.95833333333333,59.70833333333333,67.375,54.25,68.08333333333334
1.0,0.5,0.75,Cybersecurity Implementer,64.36871818181818,64.45454545454547,61.36363636363637,66.72727272727273,56.81818181818181,66.72727272727273
1.0,0.5,0.75,Cyber Threat Intelligence Specialist,50.9885153846154,51.96153846153846,46.1923076923077,56.46153846153846,43.00000000000001,56.46153846153846
1.0,0.5,0.75,Cyber Incident Responder,37.690930769230775,37.23076923076923,34.65384615384616,41.07692307692308,32.73076923076923,41.07692307692308
1.0,0.5,0.75,Digital Forensics Investigator,36.90246923076923,37.19230769230769,33.34615384615385,40.42307692307692,30.807692307692307,41.07692307692308
1.0,0.5,0.75,Cybersecurity Risk Manager,46.51804,47.5,42.50000000000001,50.0,40.0,50.0
1.0,0.5,0.75,Cybersecurity Architect,38.14399999999999,38.33333333333333,35.0,40.0,31.666666666666664,40.0
1.0,0.5,0.75,Cybersecurity Auditor,12.436875,12.5,12.5,12.5,9.375,12.5
1.0,0.5,0.75,"Cyber Legal, Policy & Compliance Officer",0.0,0.0,0.0,0.0,0.0,0.0
1.0,0.5,0.75,Cybersecurity Educator,35.854375,34.375,34.375,37.5,31.25,37.5
1.0,0.5,0.75,Chief Information Security Officer (CISO),9.04727272727273,9.090909090909092,9.090909090909092,9.090909090909092,6.8181818181818175,9.090909090909092
1.0,0.5,0.75,Cybersecurity Researcher,0.0,0.0,0.0,0.0,0.0,0.0
1.0,0.5,0.5,Penetration Tester,60.671375000000005,61.083333333333336,52.75,66.66666666666667,42.375,68.08333333333334
1.0,0.5,0.5,Cybersecurity Implementer,62.91518181818182,63.63636363636363,57.54545454545455,66.72727272727273,48.545454545454554,66.72727272727273
1.0,0.5,0.5,Cyber Threat Intelligence Specialist,45.51549230769231,47.46153846153847,35.92307692307693,56.46153846153846,29.538461538461537,56.46153846153846
1.0,0.5,0.5,Cyber Incident Responder,34.806353846153854,33.38461538461539,28.230769230769237,41.07692307692308,24.384615384615387,41.07692307692308
1.0,0.5,0.5,Digital Forensics Investigator,33.74566153846154,33.38461538461539,26.923076923076923,39.769230769230774,20.53846153846154,41.07692307692308
1.0,0.5,0.5,Cybersecurity Risk Manager,43.68752,44.99999999999999,35.0,50.0,30.000000000000004,50.0
1.0,0.5,0.5,Cybersecurity Architect,36.288,36.666666666666664,30.0,40.0,23.333333333333332,40.0
1.0,0.5,0.5,Cybersecurity Auditor,12.37375,12.5,12.5,12.5,6.25,12.5
1.0,0.5,0.5,"Cyber Legal, Policy & Compliance Officer",0.0,0.0,0.0,0.0,0.0,0.0
1.0,0.5,0.5,Cybersecurity Educator,34.20875,31.25,31.25,37.5,25.0,37.5
1.0,0.5,0.5,Chief Information Security Officer (CISO),9.003636363636366,9.090909090909092,9.090909090909092,9.090909090909092,4.545454545454546,9.090909090909092
1.0,0.5,0.5,Cybersecurity Researcher,0.0,0.0,0.0,0.0,0.0,0.0
1.0,0.5,0.3,Penetration Tester,58.57749166666667,58.93333333333332,47.85,66.66666666666667,33.516666666666666,68.08333333333334
1.0,0.5,0.3,Cybersecurity Implementer,61.90468727272728,63.01818181818183,54.36363636363637,66.72727272727273,42.0,66.72727272727273
1.0,0.5,0.3,Cyber Threat Intelligence Specialist,41.13707384615385,43.861538461538466,27.707692307692305,56.46153846153846,18.76923076923077,56.46153846153846
1.0,0.5,0.3,Cyber Incident Responder,32.65575076923077,31.846153846153847,23.092307692307692,41.07692307692308,17.70769230769231,41.07692307692308
1.0,0.5,0.3,Digital Forensics Investigator,31.466135384615377,30.307692307692314,21.784615384615385,39.76923076923077,12.93846153846154,41.07692307692308
1.0,0.5,0.3,Cybersecurity Risk Manager,41.62727999999999,43.00000000000001,31.0,50.0,22.400000000000002,50.0
1.0,0.5,0.3,Cybersecurity Architect,34.8032,35.33333333333333,26.0,40.0,16.666666666666664,40.0
1.0,0.5,0.3,Cybersecurity Auditor,12.323250000000002,12.5,12.5,12.5,3.75,12.5
1.0,0.5,0.3,"Cyber Legal, Policy & Compliance Officer",0.0,0.0,0.0,0.0,0.0,0.0
1.0,0.5,0.3,Cybersecurity Educator,32.892250000000004,28.749999999999996,28.749999999999996,37.5,20.0,37.5
1.0,0.5,0.3,Chief Information Security Officer (CISO),8.968727272727275,9.090909090909092,9.090909090909092,9.090909090909092,2.727272727272727,9.090909090909092
1.0,0.5,0.3,Cybersecurity Researcher,0.0,0.0,0.0,0.0,0.0,0.0
1.0,0.5,0.1,Penetration Tester,56.63614166666666,56.699999999999996,44.166666666666664,66.66666666666667,27.949999999999996,68.08333333333334
1.0,0.5,0.1,Cybersecurity Implementer,61.07019272727273,62.40000000000001,52.545454545454554,66.72727272727273,37.85454545454545,66.72727272727273
1.0,0.5,0.1,Cyber Threat Intelligence Specialist,36.75865538461539,40.261538461538464,19.49230769230769,56.46153846153846,8.0,56.46153846153846
1.0,0.5,0.1,Cyber Incident Responder,30.552409230769236,30.307692307692307,17.953846153846154,41.07692307692308,11.03076923076923,41.07692307692308
1.0,0.5,0.1,Digital Forensics Investigator,29.337255384615386,27.95384615384615,17.07692307692308,39.76923076923077,7.184615384615385,41.07692307692308
1.0,0.5,0.1,Cybersecurity Risk Manager,39.628479999999996,41.0,27.0,50.0,16.400000000000002,50.0
1.0,0.5,0.1,Cybersecurity Architect,33.31839999999999,34.0,21.999999999999996,40.0,10.0,40.0
1.0,0.5,0.1,Cybersecurity Auditor,12.27275,12.5,12.5,12.5,1.25,12.5
1.0,0.5,0.1,"Cyber Legal, Policy & Compliance Officer",0.0,0.0,0.0,0.0,0.0,0.0
1.0,0.5,0.1,Cybersecurity Educator,31.575749999999996,26.25,26.25,37.5,15.0,37.5
1.0,0.5,0.1,Chief Information Security Officer (CISO),8.933818181818186,9.090909090909092,9.090909090909092,9.090909090909092,0.9090909090909092,9.090909090909092
1.0,0.5,0.1,Cybersecurity Researcher,0.0,0.0,0.0,0.0,0.0,0.0
1.0,0.75,0.85,Penetration Tester,62.41804083333332,62.658333333333324,59.12083333333332,65.37083333333334,57.87083333333333,67.65833333333335
1.0,0.75,0.85,Cybersecurity Implementer,62.87807090909091,63.53636363636363,59.445454545454545,66.26363636363637,56.718181818181826,66.72727272727273
1.0,0.75,0.85,Cyber Threat Intelligence Specialist,50.816752307692305,50.3,48.38461538461538,54.91538461538461,47.99230769230769,56.46153846153846
1.0,0.75,0.85,Cyber Incident Responder,37.37752153846154,37.22307692307692,36.069230769230764,39.53076923076923,34.91538461538462,41.07692307692308
1.0,0.75,0.85,Digital Forensics Investigator,36.585752307692296,36.06923076923077,34.91538461538462,38.76923076923077,34.91538461538462,41.07692307692308
1.0,0.75,0.85,Cybersecurity Risk Manager,46.17020000000001,45.50000000000001,44.00000000000001,48.5,42.50000000000001,50.0
1.0,0.75,0.85,Cybersecurity Architect,37.55159999999999,37.99999999999999,36.0,40.0,34.0,40.0
1.0,0.75,0.85,Cybersecurity Auditor,12.093874999999999,12.5,10.625,12.5,10.625,12.5
1.0,0.75,0.85,"Cyber Legal, Policy & Compliance Officer",0.0,0.0,0.0,0.0,0.0,0.0
1.0,0.75,0.85,Cybersecurity Educator,35.264250000000004,35.625,33.75,37.5,31.874999999999996,37.5
1.0,0.75,0.85,Chief Information Security Officer (CISO),8.79227272727273,9.090909090909092,7.727272727272727,9.090909090909092,7.727272727272727,9.090909090909092
1.0,0.75,0.85,Cybersecurity Researcher,0.0,0.0,0.0,0.0,0.0,0.0
1.0,0.75,0.75,Penetration Tester,58.941408333333335,59.39583333333333,53.14583333333333,63.87500000000001,51.0625,67.375
1.0,0.75,0.75,Cybersecurity Implementer,60.55819090909091,61.409090909090914,54.59090909090909,65.95454545454547,50.81818181818182,66.72727272727273
1.0,0.75,0.75,Cyber Threat Intelligence Specialist,47.053561538461544,46.1923076923077,43.00000000000001,53.88461538461539,42.34615384615385,56.46153846153846
1.0,0.75,0.75,Cyber Incident Responder,35.03496153846154,34.65384615384616,32.73076923076923,38.5,30.807692307692307,41.07692307692308
1.0,0.75,0.75,Digital Forensics Investigator,33.82216153846154,33.38461538461539,30.807692307692307,37.80769230769231,30.807692307692307,41.07692307692308
1.0,0.75,0.75,Cybersecurity Risk Manager,43.76532,42.50000000000001,40.0,48.3,37.50000000000001,50.0
1.0,0.75,0.75,Cybersecurity Architect,35.919333333333334,36.666666666666664,33.33333333333333,40.0,30.0,40.0
1.0,0.75,0.75,Cybersecurity Auditor,11.823125,12.5,9.375,12.5,9.375,12.5
1.0,0.75,0.75,"Cyber Legal, Policy & Compliance Officer",0.0,0.0,0.0,0.0,0.0,0.0
1.0,0.75,0.75,Cybersecurity Educator,33.77375,34.375,31.25,37.5,28.125,37.5
1.0,0.75,0.75,Chief Information Security Officer (CISO),8.593181818181819,9.090909090909092,6.8181818181818175,9.090909090909092,6.8181818181818175,9.090909090909092
1.0,0.75,0.75,Cybersecurity Researcher,0.0,0.0,0.0,0.0,0.0,0.0
1.0,0.75,0.5,Penetration Tester,51.014916666666664,51.416666666666664,39.0,61.083333333333336,34.04166666666667,66.66666666666667
1.0,0.75,0.5,Cybersecurity Implementer,55.32658181818182,56.09090909090909,44.0,65.18181818181819,37.90909090909091,66.72727272727273
1.0,0.75,0.5,Cyber Threat Intelligence Specialist,37.64558461538462,35.92307692307693,29.538461538461537,51.30769230769232,28.23076923076923,56.46153846153846
1.0,0.75,0.5,Cyber Incident Responder,29.46561538461539,28.230769230769237,24.384615384615387,37.23076923076923,20.53846153846154,41.07692307692308
1.0,0.75,0.5,Digital Forensics Investigator,27.445384615384622,26.923076923076923,20.53846153846154,35.92307692307693,20.53846153846154,41.07692307692308
1.0,0.75,0.5,Cybersecurity Risk Manager,38.09504,36.7,30.000000000000004,48.3,25.0,50.0
1.0,0.75,0.5,Cybersecurity Architect,31.838666666666665,33.33333333333333,26.666666666666668,40.0,20.0,40.0
1.0,0.75,0.5,Cybersecurity Auditor,11.14625,12.5,6.25,12.5,6.25,12.5
1.0,0.75,0.5,"Cyber Legal, Policy & Compliance Officer",0.0,0.0,0.0,0.0,0.0,0.0
1.0,0.75,0.5,Cybersecurity Educator,30.0475,31.25,25.0,37.5,18.75,37.5
1.0,0.75,0.5,Chief Information Security Officer (CISO),8.095454545454546,9.090909090909092,4.545454545454546,9.090909090909092,4.545454545454546,9.090909090909092
1.0,0.75,0.5,Cybersecurity Researcher,0.0,0.0,0.0,0.0,0.0,0.0
1.0,0.75,0.3,Penetration Tester,45.36604333333333,46.18333333333333,30.099999999999998,58.85,20.424999999999997,66.66666666666667
1.0,0.75,0.3,Cybersecurity Implementer,51.42136727272727,51.83636363636365,36.018181818181816,64.56363636363636,26.381818181818183,66.72727272727273
1.0,0.75,0.3,Cyber Threat Intelligence Specialist,30.11920307692308,27.707692307692305,18.76923076923077,49.246153846153845,16.93846153846154,56.46153846153846
1.0,0.75,0.3,Cyber Incident Responder,25.29978769230769,23.61538461538462,17.70769230769231,35.69230769230769,12.323076923076924,41.07692307692308
1.0,0.75,0.3,Digital Forensics Investigator,22.766203076923077,22.30769230769231,12.93846153846154,33.86153846153846,12.323076923076924,41.07692307692308
1.0,0.75,0.3,Cybersecurity Risk Manager,33.93536,32.7,22.400000000000002,48.3,15.0,50.0
1.0,0.75,0.3,Cybersecurity Architect,28.57413333333333,30.666666666666664,21.33333333333333,40.0,12.000000000000002,40.0
1.0,0.75,0.3,Cybersecurity Auditor,10.60475,12.5,3.75,12.5,3.75,12.5
1.0,0.75,0.3,"Cyber Legal, Policy & Compliance Officer",0.0,0.0,0.0,0.0,0.0,0.0
1.0,0.75,0.3,Cybersecurity Educator,27.066499999999998,28.749999999999996,20.0,37.5,11.249999999999998,37.5
1.0,0.75,0.3,Chief Information Security Officer (CISO),7.697272727272729,9.090909090909092,2.727272727272727,9.090909090909092,2.727272727272727,9.090909090909092
1.0,0.75,0.3,Cybersecurity Researcher,0.0,0.0,0.0,0.0,0.0,0.0
1.0,0.75,0.1,Penetration Tester,40.222970000000004,41.5,21.80833333333333,56.61666666666666,6.808333333333333,66.66666666666667
1.0,0.75,0.1,Cybersecurity Implementer,48.01273454545455,47.58181818181819,30.181818181818183,63.94545454545455,14.854545454545457,66.72727272727273
1.0,0.75,0.1,Cyber Threat Intelligence Specialist,22.59282153846154,19.49230769230769,8.0,47.184615384615384,5.6461538461538465,56.46153846153846
1.0,0.75,0.1,Cyber Incident Responder,21.307252307692305,19.8,11.03076923076923,34.876923076923084,4.107692307692308,41.07692307692308
1.0,0.75,0.1,Digital Forensics Investigator,18.49489846153846,17.692307692307693,7.184615384615385,31.800000000000004,4.107692307692308,41.07692307692308
1.0,0.75,0.1,Cybersecurity Risk Manager,30.000960000000003,28.700000000000003,16.400000000000002,48.3,5.000000000000001,50.0
1.0,0.75,0.1,Cybersecurity Architect,25.3096,27.999999999999996,15.999999999999998,40.0,4.0,40.0
1.0,0.75,0.1,Cybersecurity Auditor,10.06325,12.5,1.25,12.5,1.25,12.5
1.0,0.75,0.1,"Cyber Legal, Policy & Compliance Officer",0.0,0.0,0.0,0.0,0.0,0.0
1.0,0.75,0.1,Cybersecurity Educator,24.0855,26.25,15.0,37.5,3.7500000000000004,37.5
1.0,0.75,0.1,Chief Information Security Officer (CISO),7.299090909090909,9.090909090909092,0.9090909090909092,9.090909090909092,0.9090909090909092,9.090909090909092
1.0,0.75,0.1,Cybersecurity Researcher,0.0,0.0,0.0,0.0,0.0,0.0
1.0,1.0,0.85,Penetration Tester,57.87083333333333,57.87083333333333,57.87083333333333,57.87083333333333,57.87083333333333,57.87083333333333
1.0,1.0,0.85,Cybersecurity Implementer,56.718181818181826,56.718181818181826,56.718181818181826,56.718181818181826,56.718181818181826,56.718181818181826
1.0,1.0,0.85,Cyber Threat Intelligence Specialist,47.99230769230769,47.99230769230769,47.99230769230769,47.99230769230769,47.99230769230769,47.99230769230769
1.0,1.0,0.85,Cyber Incident Responder,34.91538461538462,34.91538461538462,34.91538461538462,34.91538461538462,34.91538461538462,34.91538461538462
1.0,1.0,0.85,Digital Forensics Investigator,34.91538461538462,34.91538461538462,34.91538461538462,34.91538461538462,34.91538461538462,34.91538461538462
1.0,1.0,0.85,Cybersecurity Risk Manager,42.50000000000001,42.50000000000001,42.50000000000001,42.50000000000001,42.50000000000001,42.50000000000001
1.0,1.0,0.85,Cybersecurity Architect,34.0,34.0,34.0,34.0,34.0,34.0
1.0,1.0,0.85,Cybersecurity Auditor,10.625,10.625,10.625,10.625,10.625,10.625
1.0,1.0,0.85,"Cyber Legal, Policy & Compliance Officer",0.0,0.0,0.0,0.0,0.0,0.0
1.0,1.0,0.85,Cybersecurity Educator,31.874999999999996,31.874999999999996,31.874999999999996,31.874999999999996,31.874999999999996,31.874999999999996
1.0,1.0,0.85,Chief Information Security Officer (CISO),7.727272727272727,7.727272727272727,7.727272727272727,7.727272727272727,7.727272727272727,7.727272727272727
1.0,1.0,0.85,Cybersecurity Researcher,0.0,0.0,0.0,0.0,0.0,0.0
1.0,1.0,0.75,Penetration Tester,51.0625,51.0625,51.0625,51.0625,51.0625,51.0625
1.0,1.0,0.75,Cybersecurity Implementer,50.04545454545455,50.04545454545455,50.04545454545455,50.04545454545455,50.04545454545455,50.04545454545455
1.0,1.0,0.75,Cyber Threat Intelligence Specialist,42.34615384615385,42.34615384615385,42.34615384615385,42.34615384615385,42.34615384615385,42.34615384615385
1.0,1.0,0.75,Cyber Incident Responder,30.807692307692307,30.807692307692307,30.807692307692307,30.807692307692307,30.807692307692307,30.807692307692307
1.0,1.0,0.75,Digital Forensics Investigator,30.807692307692307,30.807692307692307,30.807692307692307,30.807692307692307,30.807692307692307,30.807692307692307
1.0,1.0,0.75,Cybersecurity Risk Manager,37.50000000000001,37.50000000000001,37.50000000000001,37.50000000000001,37.50000000000001,37.50000000000001
1.0,1.0,0.75,Cybersecurity Architect,30.000000000000004,30.000000000000004,30.000000000000004,30.000000000000004,30.000000000000004,30.000000000000004
1.0,1.0,0.75,Cybersecurity Auditor,9.375,9.375,9.375,9.375,9.375,9.375
1.0,1.0,0.75,"Cyber Legal, Policy & Compliance Officer",0.0,0.0,0.0,0.0,0.0,0.0
1.0,1.0,0.75,Cybersecurity Educator,28.125,28.125,28.125,28.125,28.125,28.125
1.0,1.0,0.75,Chief Information Security Officer (CISO),6.8181818181818175,6.8181818181818175,6.8181818181818175,6.8181818181818175,6.8181818181818175,6.8181818181818175
1.0,1.0,0.75,Cybersecurity Researcher,0.0,0.0,0.0,0.0,0.0,0.0
1.0,1.0,0.5,Penetration Tester,34.041666666666664,34.041666666666664,34.041666666666664,34.041666666666664,34.041666666666664,34.041666666666664
1.0,1.0,0.5,Cybersecurity Implementer,33.36363636363637,33.36363636363637,33.36363636363637,33.36363636363637,33.36363636363637,33.36363636363637
1.0,1.0,0.5,Cyber Threat Intelligence Specialist,28.23076923076923,28.23076923076923,28.23076923076923,28.23076923076923,28.23076923076923,28.23076923076923
1.0,1.0,0.5,Cyber Incident Responder,20.53846153846154,20.53846153846154,20.53846153846154,20.53846153846154,20.53846153846154,20.53846153846154
1.0,1.0,0.5,Digital Forensics Investigator,20.53846153846154,20.53846153846154,20.53846153846154,20.53846153846154,20.53846153846154,20.53846153846154
1.0,1.0,0.5,Cybersecurity Risk Manager,25.0,25.0,25.0,25.0,25.0,25.0
1.0,1.0,0.5,Cybersecurity Architect,20.0,20.0,20.0,20.0,20.0,20.0
1.0,1.0,0.5,Cybersecurity Auditor,6.25,6.25,6.25,6.25,6.25,6.25
1.0,1.0,0.5,"Cyber Legal, Policy & Compliance Officer",0.0,0.0,0.0,0.0,0.0,0.0
1.0,1.0,0.5,Cybersecurity Educator,18.75,18.75,18.75,18.75,18.75,18.75
1.0,1.0,0.5,Chief Information Security Officer (CISO),4.545454545454546,4.545454545454546,4.545454545454546,4.545454545454546,4.545454545454546,4.545454545454546
1.0,1.0,0.5,Cybersecurity Researcher,0.0,0.0,0.0,0.0,0.0,0.0
1.0,1.0,0.3,Penetration Tester,20.424999999999997,20.424999999999997,20.424999999999997,20.424999999999997,20.424999999999997,20.424999999999997
1.0,1.0,0.3,Cybersecurity Implementer,20.01818181818182,20.01818181818182,20.01818181818182,20.01818181818182,20.01818181818182,20.01818181818182
1.0,1.0,0.3,Cyber Threat Intelligence Specialist,16.93846153846154,16.93846153846154,16.93846153846154,16.93846153846154,16.93846153846154,16.93846153846154
1.0,1.0,0.3,Cyber Incident Responder,12.323076923076924,12.323076923076924,12.323076923076924,12.323076923076924,12.323076923076924,12.323076923076924
1.0,1.0,0.3,Digital Forensics Investigator,12.323076923076924,12.323076923076924,12.323076923076924,12.323076923076924,12.323076923076924,12.323076923076924
1.0,1.0,0.3,Cybersecurity Risk Manager,15.0,15.0,15.0,15.0,15.0,15.0
1.0,1.0,0.3,Cybersecurity Architect,12.0,12.0,12.0,12.0,12.0,12.0
1.0,1.0,0.3,Cybersecurity Auditor,3.75,3.75,3.75,3.75,3.75,3.75
1.0,1.0,0.3,"Cyber Legal, Policy & Compliance Officer",0.0,0.0,0.0,0.0,0.0,0.0
1.0,1.0,0.3,Cybersecurity Educator,11.249999999999998,11.249999999999998,11.249999999999998,11.249999999999998,11.249999999999998,11.249999999999998
1.0,1.0,0.3,Chief Information Security Officer (CISO),2.727272727272727,2.727272727272727,2.727272727272727,2.727272727272727,2.727272727272727,2.727272727272727
1.0,1.0,0.3,Cybersecurity Researcher,0.0,0.0,0.0,0.0,0.0,0.0
1.0,1.0,0.1,Penetration Tester,6.808333333333333,6.808333333333333,6.808333333333333,6.808333333333333,6.808333333333333,6.808333333333333
1.0,1.0,0.1,Cybersecurity Implementer,6.672727272727273,6.672727272727273,6.672727272727273,6.672727272727273,6.672727272727273,6.672727272727273
1.0,1.0,0.1,Cyber Threat Intelligence Specialist,5.6461538461538465,5.6461538461538465,5.6461538461538465,5.6461538461538465,5.6461538461538465,5.6461538461538465
1.0,1.0,0.1,Cyber Incident Responder,4.107692307692308,4.107692307692308,4.107692307692308,4.107692307692308,4.107692307692308,4.107692307692308
1.0,1.0,0.1,Digital Forensics Investigator,4.107692307692308,4.107692307692308,4.107692307692308,4.107692307692308,4.107692307692308,4.107692307692308
1.0,1.0,0.1,Cybersecurity Risk Manager,5.000000000000001,5.000000000000001,5.000000000000001,5.000000000000001,5.000000000000001,5.000000000000001
1.0,1.0,0.1,Cybersecurity Architect,4.0,4.0,4.0,4.0,4.0,4.0
1.0,1.0,0.1,Cybersecurity Auditor,1.25,1.25,1.25,1.25,1.25,1.25
1.0,1.0,0.1,"Cyber Legal, Policy & Compliance Officer",0.0,0.0,0.0,0.0,0.0,0.0
1.0,1.0,0.1,Cybersecurity Educator,3.7500000000000004,3.7500000000000004,3.7500000000000004,3.7500000000000004,3.7500000000000004,3.7500000000000004
1.0,1.0,0.1,Chief Information Security Officer (CISO),0.9090909090909092,0.9090909090909092,0.9090909090909092,0.9090909090909092,0.9090909090909092,0.9090909090909092
1.0,1.0,0.1,Cybersecurity Researcher,0.0,0.0,0.0,0.0,0.0,0.0
2.0,0.1,0.85,Penetration Tester,64.690453825,65.0375,63.787499999999994,65.0375,61.28749999999998,65.0375
2.0,0.1,0.85,Cybersecurity Implementer,64.53073283636364,64.68727272727274,63.32363636363637,64.68727272727274,61.802363636363644,64.68727272727274
2.0,0.1,0.85,Cyber Threat Intelligence Specialist,54.21477393846153,54.73538461538462,50.12,54.73538461538462,48.966153846153844,54.73538461538462
2.0,0.1,0.85,Cyber Incident Responder,39.020773938461545,39.35076923076923,37.043076923076924,39.35076923076923,35.75584615384615,39.35076923076923
2.0,0.1,0.85,Digital Forensics Investigator,38.91623547692308,39.35076923076923,37.043076923076924,39.35076923076923,35.75584615384615,39.35076923076923
2.0,0.1,0.85,Cybersecurity Risk Manager,49.595600000000005,50.0,47.00000000000001,50.0,45.50000000000001,50.0
2.0,0.1,0.85,Cybersecurity Architect,39.8254,40.0,38.0,40.0,38.0,40.0
2.0,0.1,0.85,Cybersecurity Auditor,12.5,12.5,12.5,12.5,12.5,12.5
2.0,0.1,0.85,"Cyber Legal, Policy & Compliance Officer",0.0,0.0,0.0,0.0,0.0,0.0
2.0,0.1,0.85,Cybersecurity Educator,37.332750000000004,37.5,35.625,37.5,35.625,37.5
2.0,0.1,0.85,Chief Information Security Officer (CISO),9.090909090909092,9.090909090909092,9.090909090909092,9.090909090909092,9.090909090909092,9.090909090909092
2.0,0.1,0.85,Cybersecurity Researcher,0.0,0.0,0.0,0.0,0.0,0.0
2.0,0.1,0.75,Penetration Tester,64.45908970833332,65.0375,62.95416666666666,65.0375,58.787499999999994,65.0375
2.0,0.1,0.75,Cybersecurity Implementer,64.42637290909093,64.68727272727274,62.41454545454547,64.68727272727274,59.87909090909091,64.68727272727274
2.0,0.1,0.75,Cyber Threat Intelligence Specialist,53.86770015384615,54.73538461538462,47.04307692307693,54.73538461538462,45.12000000000001,54.73538461538462
2.0,0.1,0.75,Cyber Incident Responder,38.80077707692308,39.35076923076923,35.50461538461539,39.35076923076923,33.35923076923078,39.35076923076923
2.0,0.1,0.75,Digital Forensics Investigator,38.62654630769231,39.35076923076923,35.50461538461539,39.35076923076923,33.35923076923078,39.35076923076923
2.0,0.1,0.75,Cybersecurity Risk Manager,49.326,50.0,45.00000000000001,50.0,42.50000000000001,50.0
2.0,0.1,0.75,Cybersecurity Architect,39.708999999999996,40.0,36.666666666666664,40.0,36.666666666666664,40.0
2.0,0.1,0.75,Cybersecurity Auditor,12.5,12.5,12.5,12.5,12.5,12.5
2.0,0.1,0.75,"Cyber Legal, Policy & Compliance Officer",0.0,0.0,0.0,0.0,0.0,0.0
2.0,0.1,0.75,Cybersecurity Educator,37.22125,37.5,34.375,37.5,34.375,37.5
2.0,0.1,0.75,Chief Information Security Officer (CISO),9.090909090909092,9.090909090909092,9.090909090909092,9.090909090909092,9.090909090909092,9.090909090909092
2.0,0.1,0.75,Cybersecurity Researcher,0.0,0.0,0.0,0.0,0.0,0.0
2.0,0.1,0.5,Penetration Tester,64.1110555,65.0375,60.87083333333333,65.0375,54.704166666666666,65.0375
2.0,0.1,0.5,Cybersecurity Implementer,64.32620981818184,64.68727272727274,61.85909090909092,64.68727272727274,58.50545454545455,64.68727272727274
2.0,0.1,0.5,Cyber Threat Intelligence Specialist,53.0000156923077,54.73538461538462,39.35076923076923,54.73538461538462,35.50461538461539,54.73538461538462
2.0,0.1,0.5,Cyber Incident Responder,38.38156184615385,39.35076923076923,31.65846153846154,39.35076923076923,27.812307692307698,39.35076923076923
2.0,0.1,0.5,Digital Forensics Investigator,38.157774307692314,39.35076923076923,31.65846153846154,39.35076923076923,27.81230769230769,39.35076923076923
2.0,0.1,0.5,Cybersecurity Risk Manager,48.82201,50.0,40.0,50.0,35.0,50.0
2.0,0.1,0.5,Cybersecurity Architect,39.41799999999999,40.0,33.33333333333333,40.0,33.33333333333333,40.0
2.0,0.1,0.5,Cybersecurity Auditor,12.5,12.5,12.5,12.5,12.5,12.5
2.0,0.1,0.5,"Cyber Legal, Policy & Compliance Officer",0.0,0.0,0.0,0.0,0.0,0.0
2.0,0.1,0.5,Cybersecurity Educator,36.9425,37.5,31.25,37.5,31.25,37.5
2.0,0.1,0.5,Chief Information Security Officer (CISO),9.090909090909092,9.090909090909092,9.090909090909092,9.090909090909092,9.090909090909092,9.090909090909092
2.0,0.1,0.5,Cybersecurity Researcher,0.0,0.0,0.0,0.0,0.0,0.0
2.0,0.1,0.3,Penetration Tester,63.9197848,65.0375,59.20416666666666,65.0375,52.61166666666666,65.0375
2.0,0.1,0.3,Cybersecurity Implementer,64.29389850909092,64.68727272727274,61.85909090909092,64.68727272727274,58.29527272727273,64.68727272727274
2.0,0.1,0.3,Cyber Threat Intelligence Specialist,52.30586812307693,54.73538461538462,33.19692307692308,54.73538461538462,27.81230769230769,54.73538461538462
2.0,0.1,0.3,Cyber Incident Responder,38.085756584615396,39.35076923076923,28.581538461538457,39.35076923076923,23.196923076923078,39.35076923076923
2.0,0.1,0.3,Digital Forensics Investigator,37.8598532,39.35076923076923,28.581538461538464,39.35076923076923,23.196923076923078,39.35076923076923
2.0,0.1,0.3,Cybersecurity Risk Manager,48.470254999999995,50.0,36.0,50.0,30.489,50.0
2.0,0.1,0.3,Cybersecurity Architect,39.185199999999995,40.0,30.666666666666664,40.0,30.666666666666664,40.0
2.0,0.1,0.3,Cybersecurity Auditor,12.5,12.5,12.5,12.5,12.5,12.5
2.0,0.1,0.3,"Cyber Legal, Policy & Compliance Officer",0.0,0.0,0.0,0.0,0.0,0.0
2.0,0.1,0.3,Cybersecurity Educator,36.7195,37.5,28.749999999999996,37.5,28.749999999999996,37.5
2.0,0.1,0.3,Chief Information Security Officer (CISO),9.090909090909092,9.090909090909092,9.090909090909092,9.090909090909092,9.090909090909092,9.090909090909092
2.0,0.1,0.3,Cybersecurity Researcher,0.0,0.0,0.0,0.0,0.0,0.0
2.0,0.1,0.1,Penetration Tester,63.734041600000005,65.0375,57.537499999999994,65.0375,50.0375,65.0375
2.0,0.1,0.1,Cybersecurity Implementer,64.26375247272729,64.68727272727274,61.85909090909092,64.68727272727274,56.50545454545456,64.68727272727274
2.0,0.1,0.1,Cyber Threat Intelligence Specialist,51.611720553846155,54.73538461538462,27.043076923076924,54.73538461538462,20.12,54.73538461538462
2.0,0.1,0.1,Cyber Incident Responder,37.792147476923084,39.35076923076923,25.504615384615388,39.35076923076923,18.581538461538464,39.35076923076923
2.0,0.1,0.1,Digital Forensics Investigator,37.5659604,39.35076923076923,25.504615384615388,39.35076923076923,18.581538461538464,39.35076923076923
2.0,0.1,0.1,Cybersecurity Risk Manager,48.121355,50.0,32.00000000000001,50.0,26.489000000000008,50.0
2.0,0.1,0.1,Cybersecurity Architect,38.95239999999999,40.0,27.999999999999996,40.0,27.999999999999996,40.0
2.0,0.1,0.1,Cybersecurity Auditor,12.5,12.5,12.5,12.5,12.5,12.5
2.0,0.1,0.1,"Cyber Legal, Policy & Compliance Officer",0.0,0.0,0.0,0.0,0.0,0.0
2.0,0.1,0.1,Cybersecurity Educator,36.4965,37.5,26.25,37.5,26.25,37.5
2.0,0.1,0.1,Chief Information Security Officer (CISO),9.090909090909092,9.090909090909092,9.090909090909092,9.090909090909092,9.090909090909092,9.090909090909092
2.0,0.1,0.1,Cybersecurity Researcher,0.0,0.0,0.0,0.0,0.0,0.0
2.0,0.25,0.85,Penetration Tester,63.99252269999999,64.031875,62.393,65.0375,59.031875,65.0375
2.0,0.25,0.85,Cybersecurity Implementer,64.17810116363637,64.68727272727274,61.96,64.68727272727274,60.43872727272728,64.68727272727274
2.0,0.25,0.85,Cyber Threat Intelligence Specialist,53.21000867692308,54.602,48.966153846153844,54.73538461538462,47.67892307692308,54.73538461538462
2.0,0.25,0.85,Cyber Incident Responder,38.412700984615384,39.21738461538462,35.88923076923077,39.35076923076923,34.602,39.35076923076923
2.0,0.25,0.85,Digital Forensics Investigator,38.13785483076923,38.19692307692308,35.88923076923077,39.35076923076923,33.581538461538464,39.35076923076923
2.0,0.25,0.85,Cybersecurity Risk Manager,48.9059,50.0,45.50000000000001,50.0,45.50000000000001,50.0
2.0,0.25,0.85,Cybersecurity Architect,39.499399999999994,40.0,38.0,40.0,37.0,40.0
2.0,0.25,0.85,Cybersecurity Auditor,12.498874999999998,12.5,12.5,12.5,10.625,12.5
2.0,0.25,0.85,"Cyber Legal, Policy & Compliance Officer",0.0,0.0,0.0,0.0,0.0,0.0
2.0,0.25,0.85,Cybersecurity Educator,37.026375,37.5,35.625,37.5,33.75,37.5
2.0,0.25,0.85,Chief Information Security Officer (CISO),9.090909090909092,9.090909090909092,9.090909090909092,9.090909090909092,9.090909090909092,9.090909090909092
2.0,0.25,0.85,Cybersecurity Researcher,0.0,0.0,0.0,0.0,0.0,0.0
2.0,0.25,0.75,Penetration Tester,63.295871166666664,63.36145833333333,60.629999999999995,65.0375,55.028124999999996,65.0375
2.0,0.25,0.75,Cybersecurity Implementer,63.838653454545465,64.68727272727274,60.141818181818195,64.68727272727274,57.606363636363646,64.68727272727274
2.0,0.25,0.75,Cyber Threat Intelligence Specialist,52.193091384615386,54.51307692307692,45.12000000000001,54.73538461538462,42.97461538461539,54.73538461538462
2.0,0.25,0.75,Cyber Incident Responder,37.78732215384616,39.128461538461536,33.58153846153847,39.35076923076923,31.436153846153854,39.35076923076923
2.0,0.25,0.75,Digital Forensics Investigator,37.32924523076923,37.42769230769231,33.58153846153847,39.35076923076923,29.735384615384618,39.35076923076923
2.0,0.25,0.75,Cybersecurity Risk Manager,48.176500000000004,50.0,42.50000000000001,50.0,42.50000000000001,50.0
2.0,0.25,0.75,Cybersecurity Architect,39.16566666666666,40.0,36.666666666666664,40.0,35.0,40.0
2.0,0.25,0.75,Cybersecurity Auditor,12.498125,12.5,12.5,12.5,9.375,12.5
2.0,0.25,0.75,"Cyber Legal, Policy & Compliance Officer",0.0,0.0,0.0,0.0,0.0,0.0
2.0,0.25,0.75,Cybersecurity Educator,36.710625,37.5,34.375,37.5,31.25,37.5
2.0,0.25,0.75,Chief Information Security Officer (CISO),9.090909090909092,9.090909090909092,9.090909090909092,9.090909090909092,9.090909090909092,9.090909090909092
2.0,0.25,0.75,Cybersecurity Researcher,0.0,0.0,0.0,0.0,0.0,0.0
2.0,0.25,0.5,Penetration Tester,62.07607949999999,62.44499999999999,57.51875,65.0375,45.500416666666666,65.0375
2.0,0.25,0.5,Cybersecurity Implementer,63.37642054545456,64.68727272727274,59.0309090909091,64.68727272727274,50.52545454545454,64.68727272727274
2.0,0.25,0.5,Cyber Threat Intelligence Specialist,49.650798153846154,54.29076923076923,35.50461538461539,54.73538461538462,31.21384615384616,54.73538461538462
2.0,0.25,0.5,Cyber Incident Responder,36.49676292307693,38.90615384615385,29.265384615384622,39.35076923076923,23.966153846153848,39.35076923076923
2.0,0.25,0.5,Digital Forensics Investigator,35.85204384615385,36.957692307692305,29.265384615384615,39.35076923076923,23.026153846153846,39.35076923076923
2.0,0.25,0.5,Cybersecurity Risk Manager,46.707754200000004,50.0,36.889,50.0,35.0,50.0
2.0,0.25,0.5,Cybersecurity Architect,38.33133333333333,40.0,33.33333333333333,40.0,30.0,40.0
2.0,0.25,0.5,Cybersecurity Auditor,12.49625,12.5,12.5,12.5,6.25,12.5
2.0,0.25,0.5,"Cyber Legal, Policy & Compliance Officer",0.0,0.0,0.0,0.0,0.0,0.0
2.0,0.25,0.5,Cybersecurity Educator,35.92125,37.5,31.25,37.5,25.0,37.5
2.0,0.25,0.5,Chief Information Security Officer (CISO),9.090909090909092,9.090909090909092,9.090909090909092,9.090909090909092,9.090909090909092,9.090909090909092
2.0,0.25,0.5,Cybersecurity Researcher,0.0,0.0,0.0,0.0,0.0,0.0
2.0,0.25,0.3,Penetration Tester,61.35975416666666,62.44499999999999,54.87233333333332,65.0375,38.04666666666667,65.0375
2.0,0.25,0.3,Cybersecurity Implementer,63.17754658181819,64.68727272727274,58.323636363636375,64.68727272727274,45.59636363636365,64.68727272727274
2.0,0.25,0.3,Cyber Threat Intelligence Specialist,47.616963569230776,54.11292307692308,27.81230769230769,54.73538461538462,21.80523076923077,54.73538461538462
2.0,0.25,0.3,Cyber Incident Responder,35.58417987692308,38.728307692307695,26.18846153846154,39.35076923076923,18.95769230769231,39.35076923076923
2.0,0.25,0.3,Digital Forensics Investigator,34.90826095384615,36.957692307692305,26.18846153846154,39.35076923076923,17.812307692307694,39.35076923076923
2.0,0.25,0.3,Cybersecurity Risk Manager,45.6885812,50.0,32.889,50.0,29.000000000000004,50.0
2.0,0.25,0.3,Cybersecurity Architect,37.663866666666664,40.0,30.666666666666664,40.0,26.0,40.0
2.0,0.25,0.3,Cybersecurity Auditor,12.49475,12.5,12.5,12.5,3.75,12.5
2.0,0.25,0.3,"Cyber Legal, Policy & Compliance Officer",0.0,0.0,0.0,0.0,0.0,0.0
2.0,0.25,0.3,Cybersecurity Educator,35.289750000000005,37.5,28.749999999999996,37.5,20.0,37.5
2.0,0.25,0.3,Chief Information Security Officer (CISO),9.090909090909092,9.090909090909092,9.090909090909092,9.090909090909092,9.090909090909092,9.090909090909092
2.0,0.25,0.3,Cybersecurity Researcher,0.0,0.0,0.0,0.0,0.0,0.0
2.0,0.25,0.1,Penetration Tester,60.71200269999999,62.44499999999999,53.01299999999999,65.0375,31.509999999999998,65.0375
2.0,0.25,0.1,Cybersecurity Implementer,63.004546436363654,64.68727272727274,56.50545454545456,64.68727272727274,40.425454545454556,64.68727272727274
2.0,0.25,0.1,Cyber Threat Intelligence Specialist,45.583128984615385,53.93507692307693,20.12,54.73538461538462,12.396615384615385,54.73538461538462
2.0,0.25,0.1,Cyber Incident Responder,34.6971576,38.55046153846154,23.111538461538466,39.35076923076923,14.342307692307696,39.35076923076923
2.0,0.25,0.1,Digital Forensics Investigator,34.00757344615385,36.957692307692305,23.111538461538466,39.35076923076923,11.77846153846154,39.35076923076923
2.0,0.25,0.1,Cybersecurity Risk Manager,44.702637200000005,50.0,28.889,50.0,24.500000000000004,50.0
2.0,0.25,0.1,Cybersecurity Architect,36.996399999999994,40.0,27.999999999999996,40.0,21.999999999999996,40.0
2.0,0.25,0.1,Cybersecurity Auditor,12.493249999999998,12.5,12.5,12.5,1.25,12.5
2.0,0.25,0.1,"Cyber Legal, Policy & Compliance Officer",0.0,0.0,0.0,0.0,0.0,0.0
2.0,0.25,0.1,Cybersecurity Educator,34.65825,37.5,26.25,37.5,15.0,37.5
2.0,0.25,0.1,Chief Information Security Officer (CISO),9.090909090909092,9.090909090909092,9.090909090909092,9.090909090909092,9.090909090909092,9.090909090909092
2.0,0.25,0.1,Cybersecurity Researcher,0.0,0.0,0.0,0.0,0.0,0.0
2.0,0.5,0.85,Penetration Tester,62.44378967499999,62.5375,59.892999999999994,64.893,56.67637499999999,65.0375
2.0,0.5,0.85,Cybersecurity Implementer,63.24651116363636,63.32363636363637,60.596363636363634,64.68727272727274,57.869090909090914,64.68727272727274
2.0,0.5,0.85,Cyber Threat Intelligence Specialist,51.5773556,52.2943076923077,48.83276923076922,54.73538461538462,46.65846153846154,54.73538461538462
2.0,0.5,0.85,Cyber Incident Responder,37.3493556,37.043076923076924,35.75584615384615,39.35076923076923,34.602,39.35076923076923
2.0,0.5,0.85,Digital Forensics Investigator,36.77774021538461,36.9096923076923,34.602,39.21738461538462,33.44815384615384,39.35076923076923
2.0,0.5,0.85,Cybersecurity Risk Manager,47.78660000000001,48.5,45.50000000000001,50.0,44.00000000000001,50.0
2.0,0.5,0.85,Cybersecurity Architect,38.8864,38.99999999999999,37.0,40.0,35.0,40.0
2.0,0.5,0.85,Cybersecurity Auditor,12.462125,12.5,12.5,12.5,10.625,12.5
2.0,0.5,0.85,"Cyber Legal, Policy & Compliance Officer",0.0,0.0,0.0,0.0,0.0,0.0
2.0,0.5,0.85,Cybersecurity Educator,36.512625,35.625,35.625,37.5,33.75,37.5
2.0,0.5,0.85,Chief Information Security Officer (CISO),9.064727272727275,9.090909090909092,9.090909090909092,9.090909090909092,7.727272727272727,9.090909090909092
2.0,0.5,0.85,Cybersecurity Researcher,0.0,0.0,0.0,0.0,0.0,0.0
2.0,0.5,0.75,Penetration Tester,60.714649458333334,60.87083333333333,56.463333333333324,64.79666666666665,51.102291666666666,65.0375
2.0,0.5,0.75,Cybersecurity Implementer,62.28600345454546,62.41454545454547,57.86909090909093,64.68727272727274,53.32363636363636,64.68727272727274
2.0,0.5,0.75,Cyber Threat Intelligence Specialist,49.47200292307692,50.666923076923084,44.89769230769232,54.73538461538462,41.27384615384616,54.73538461538462
2.0,0.5,0.75,Cyber Incident Responder,36.015079846153846,35.50461538461539,33.35923076923078,39.35076923076923,31.436153846153854,39.35076923076923
2.0,0.5,0.75,Digital Forensics Investigator,35.06238753846154,35.2823076923077,31.436153846153854,39.128461538461536,29.513076923076927,39.35076923076923
2.0,0.5,0.75,Cybersecurity Risk Manager,46.311,47.5,42.50000000000001,50.0,40.0,50.0
2.0,0.5,0.75,Cybersecurity Architect,38.14399999999999,38.33333333333333,35.0,40.0,31.666666666666664,40.0
2.0,0.5,0.75,Cybersecurity Auditor,12.436875,12.5,12.5,12.5,9.375,12.5
2.0,0.5,0.75,"Cyber Legal, Policy & Compliance Officer",0.0,0.0,0.0,0.0,0.0,0.0
2.0,0.5,0.75,Cybersecurity Educator,35.854375,34.375,34.375,37.5,31.25,37.5
2.0,0.5,0.75,Chief Information Security Officer (CISO),9.04727272727273,9.090909090909092,9.090909090909092,9.090909090909092,6.8181818181818175,9.090909090909092
2.0,0.5,0.75,Cybersecurity Researcher,0.0,0.0,0.0,0.0,0.0,0.0
2.0,0.5,0.5,Penetration Tester,57.23357308333333,58.00041666666665,49.46333333333333,64.55583333333334,38.0375,65.0375
2.0,0.5,0.5,Cybersecurity Implementer,60.570612909090926,60.14181818181819,54.48545454545454,64.68727272727274,45.39454545454545,64.68727272727274
2.0,0.5,0.5,Cyber Threat Intelligence Specialist,44.20862123076924,46.598461538461535,35.06,54.73538461538462,27.81230769230769,54.73538461538462
2.0,0.5,0.5,Cyber Incident Responder,33.05566215384616,31.65846153846154,27.36769230769231,39.35076923076923,23.521538461538462,39.35076923076923
2.0,0.5,0.5,Digital Forensics Investigator,31.538033692307692,31.65846153846154,23.966153846153848,38.90615384615385,19.675384615384615,39.35076923076923
2.0,0.5,0.5,Cybersecurity Risk Manager,43.11087319999999,44.99999999999999,35.0,50.0,30.000000000000004,50.0
2.0,0.5,0.5,Cybersecurity Architect,36.288,36.666666666666664,30.0,40.0,23.333333333333332,40.0
2.0,0.5,0.5,Cybersecurity Auditor,12.37375,12.5,12.5,12.5,6.25,12.5
2.0,0.5,0.5,"Cyber Legal, Policy & Compliance Officer",0.0,0.0,0.0,0.0,0.0,0.0
2.0,0.5,0.5,Cybersecurity Educator,34.20875,31.25,31.25,37.5,25.0,37.5
2.0,0.5,0.5,Chief Information Security Officer (CISO),9.003636363636366,9.090909090909092,9.090909090909092,9.090909090909092,4.545454545454546,9.090909090909092
2.0,0.5,0.5,Cybersecurity Researcher,0.0,0.0,0.0,0.0,0.0,0.0
2.0,0.5,0.3,Penetration Tester,54.99482958333333,55.93733333333333,43.518916666666655,64.36316666666666,30.519166666666663,65.0375
2.0,0.5,0.3,Cybersecurity Implementer,59.627826400000004,59.0309090909091,51.93163636363637,64.68727272727274,39.23272727272728,64.68727272727274
2.0,0.5,0.3,Cyber Threat Intelligence Specialist,39.99791587692308,43.34369230769231,27.189846153846155,54.73538461538462,17.043076923076924,54.73538461538462
2.0,0.5,0.3,Cyber Incident Responder,30.92805803076923,29.10446153846154,22.57446153846154,39.35076923076923,17.189846153846155,39.35076923076923
2.0,0.5,0.3,Digital Forensics Investigator,29.205346492307694,28.581538461538464,18.95769230769231,38.728307692307695,11.80523076923077,39.35076923076923
2.0,0.5,0.3,Cybersecurity Risk Manager,40.862504799999996,43.00000000000001,29.000000000000004,50.0,22.0,50.0
2.0,0.5,0.3,Cybersecurity Architect,34.8032,35.33333333333333,26.0,40.0,16.666666666666664,40.0
2.0,0.5,0.3,Cybersecurity Auditor,12.323250000000002,12.5,12.5,12.5,3.75,12.5
2.0,0.5,0.3,"Cyber Legal, Policy & Compliance Officer",0.0,0.0,0.0,0.0,0.0,0.0
2.0,0.5,0.3,Cybersecurity Educator,32.892250000000004,28.749999999999996,28.749999999999996,37.5,20.0,37.5
2.0,0.5,0.3,Chief Information Security Officer (CISO),8.968727272727275,9.090909090909092,9.090909090909092,9.090909090909092,2.727272727272727,9.090909090909092
2.0,0.5,0.3,Cybersecurity Researcher,0.0,0.0,0.0,0.0,0.0,0.0
2.0,0.5,0.1,Penetration Tester,53.03778634999999,54.077999999999996,38.85249999999999,64.1705,22.153,65.0375
2.0,0.5,0.1,Cybersecurity Implementer,58.788698254545466,59.0309090909091,48.32363636363637,64.68727272727274,32.24363636363637,64.68727272727274
2.0,0.5,0.1,Cyber Threat Intelligence Specialist,35.78721052307693,40.08892307692308,19.31969230769231,54.73538461538462,6.273846153846155,54.73538461538462
2.0,0.5,0.1,Cyber Incident Responder,28.916960676923075,27.388153846153845,17.78123076923077,39.35076923076923,10.858153846153847,39.35076923076923
2.0,0.5,0.1,Digital Forensics Investigator,27.049559907692313,25.504615384615388,14.342307692307694,38.55046153846154,4.175076923076924,39.35076923076923
2.0,0.5,0.1,Cybersecurity Risk Manager,38.7655952,41.0,24.500000000000004,50.0,14.156000000000002,50.0
2.0,0.5,0.1,Cybersecurity Architect,33.31839999999999,34.0,21.999999999999996,40.0,10.0,40.0
2.0,0.5,0.1,Cybersecurity Auditor,12.27275,12.5,12.5,12.5,1.25,12.5
2.0,0.5,0.1,"Cyber Legal, Policy & Compliance Officer",0.0,0.0,0.0,0.0,0.0,0.0
2.0,0.5,0.1,Cybersecurity Educator,31.575749999999996,26.25,26.25,37.5,15.0,37.5
2.0,0.5,0.1,Chief Information Security Officer (CISO),8.933818181818186,9.090909090909092,9.090909090909092,9.090909090909092,0.9090909090909092,9.090909090909092
2.0,0.5,0.1,Cybersecurity Researcher,0.0,0.0,0.0,0.0,0.0,0.0
2.0,0.75,0.85,Penetration Tester,59.720790375,59.892999999999994,56.28749999999999,62.781875,55.28187499999999,64.893
2.0,0.75,0.85,Cybersecurity Implementer,61.07130410909092,61.80236363636363,57.711454545454544,64.52963636363637,54.984181818181824,64.68727272727274
2.0,0.75,0.85,Cyber Threat Intelligence Specialist,49.287949630769226,48.83276923076922,46.65846153846154,53.44815384615384,46.52507692307692,54.73538461538462
2.0,0.75,0.85,Cyber Incident Responder,35.84871886153845,35.75584615384615,34.602,38.06353846153846,33.44815384615384,39.35076923076923
2.0,0.75,0.85,Digital Forensics Investigator,35.056949630769225,34.602,33.44815384615384,37.043076923076924,33.44815384615384,39.35076923076923
2.0,0.75,0.85,Cybersecurity Risk Manager,46.17020000000001,45.50000000000001,44.00000000000001,48.5,42.50000000000001,50.0
2.0,0.75,0.85,Cybersecurity Architect,37.55159999999999,37.99999999999999,36.0,40.0,34.0,40.0
2.0,0.75,0.85,Cybersecurity Auditor,12.093874999999999,12.5,10.625,12.5,10.625,12.5
2.0,0.75,0.85,"Cyber Legal, Policy & Compliance Officer",0.0,0.0,0.0,0.0,0.0,0.0
2.0,0.75,0.85,Cybersecurity Educator,35.264250000000004,35.625,33.75,37.5,31.874999999999996,37.5
2.0,0.75,0.85,Chief Information Security Officer (CISO),8.79227272727273,9.090909090909092,7.727272727272727,9.090909090909092,7.727272727272727,9.090909090909092
2.0,0.75,0.85,Cybersecurity Researcher,0.0,0.0,0.0,0.0,0.0,0.0
2.0,0.75,0.75,Penetration Tester,56.17631729166666,56.463333333333324,50.454166666666666,61.278124999999996,48.778125,64.79666666666665
2.0,0.75,0.75,Cybersecurity Implementer,58.660658363636365,59.879090909090905,53.06090909090909,64.42454545454545,48.51545454545454,64.68727272727274
2.0,0.75,0.75,Cyber Threat Intelligence Specialist,45.65632630769231,44.89769230769232,41.27384615384616,52.59,41.05153846153847,54.73538461538462
2.0,0.75,0.75,Cyber Incident Responder,33.51401861538462,33.35923076923078,31.436153846153854,37.20538461538462,29.513076923076927,39.35076923076923
2.0,0.75,0.75,Digital Forensics Investigator,32.19440323076923,31.436153846153854,29.513076923076927,35.50461538461539,29.513076923076927,39.35076923076923
2.0,0.75,0.75,Cybersecurity Risk Manager,43.617,42.50000000000001,40.0,47.5,37.50000000000001,50.0
2.0,0.75,0.75,Cybersecurity Architect,35.919333333333334,36.666666666666664,33.33333333333333,40.0,30.0,40.0
2.0,0.75,0.75,Cybersecurity Auditor,11.823125,12.5,9.375,12.5,9.375,12.5
2.0,0.75,0.75,"Cyber Legal, Policy & Compliance Officer",0.0,0.0,0.0,0.0,0.0,0.0
2.0,0.75,0.75,Cybersecurity Educator,33.77375,34.375,31.25,37.5,28.125,37.5
2.0,0.75,0.75,Chief Information Security Officer (CISO),8.593181818181819,9.090909090909092,6.8181818181818175,9.090909090909092,6.8181818181818175,9.090909090909092
2.0,0.75,0.75,Cybersecurity Researcher,0.0,0.0,0.0,0.0,0.0,0.0
2.0,0.75,0.5,Penetration Tester,48.01154866666667,49.18541666666666,36.68541666666666,57.79666666666666,32.51875,64.55583333333334
2.0,0.75,0.5,Cybersecurity Implementer,53.215512545454544,55.07090909090909,41.434545454545464,64.16181818181819,32.869090909090914,64.68727272727274
2.0,0.75,0.5,Cyber Threat Intelligence Specialist,36.577268000000004,35.06,27.81230769230769,50.44461538461539,27.36769230769231,54.73538461538462
2.0,0.75,0.5,Cyber Incident Responder,27.97359153846154,27.36769230769231,23.521538461538462,35.06,19.675384615384615,39.35076923076923
2.0,0.75,0.5,Digital Forensics Investigator,25.582359846153853,23.966153846153848,19.675384615384615,34.12,19.675384615384615,39.35076923076923
2.0,0.75,0.5,Cybersecurity Risk Manager,37.5842206,35.0,30.000000000000004,46.88899999999999,25.0,50.0
2.0,0.75,0.5,Cybersecurity Architect,31.838666666666665,33.33333333333333,26.666666666666668,40.0,20.0,40.0
2.0,0.75,0.5,Cybersecurity Auditor,11.14625,12.5,6.25,12.5,6.25,12.5
2.0,0.75,0.5,"Cyber Legal, Policy & Compliance Officer",0.0,0.0,0.0,0.0,0.0,0.0
2.0,0.75,0.5,Cybersecurity Educator,30.0475,31.25,25.0,37.5,18.75,37.5
2.0,0.75,0.5,Chief Information Security Officer (CISO),8.095454545454546,9.090909090909092,4.545454545454546,9.090909090909092,4.545454545454546,9.090909090909092
2.0,0.75,0.5,Cybersecurity Researcher,0.0,0.0,0.0,0.0,0.0,0.0
2.0,0.75,0.3,Penetration Tester,42.086707866666664,42.844583333333325,25.344583333333333,55.18558333333332,19.511249999999997,64.36316666666666
2.0,0.75,0.3,Cybersecurity Implementer,49.372631963636366,51.224363636363634,32.869090909090914,63.95163636363637,22.849090909090908,64.68727272727274
2.0,0.75,0.3,Cyber Threat Intelligence Specialist,29.314021353846154,27.189846153846155,17.043076923076924,48.728307692307695,16.420615384615385,54.73538461538462
2.0,0.75,0.3,Cyber Incident Responder,23.795796738461544,22.57446153846154,17.189846153846155,33.966153846153844,11.80523076923077,39.35076923076923
2.0,0.75,0.3,Digital Forensics Investigator,20.773524892307695,19.480615384615383,11.80523076923077,33.34369230769231,11.80523076923077,39.35076923076923
2.0,0.75,0.3,Cybersecurity Risk Manager,33.066908,30.489,22.0,46.88899999999999,15.0,50.0
2.0,0.75,0.3,Cybersecurity Architect,28.57413333333333,30.666666666666664,21.33333333333333,40.0,12.000000000000002,40.0
2.0,0.75,0.3,Cybersecurity Auditor,10.60475,12.5,3.75,12.5,3.75,12.5
2.0,0.75,0.3,"Cyber Legal, Policy & Compliance Officer",0.0,0.0,0.0,0.0,0.0,0.0
2.0,0.75,0.3,Cybersecurity Educator,27.066499999999998,28.749999999999996,20.0,37.5,11.249999999999998,37.5
2.0,0.75,0.3,Chief Information Security Officer (CISO),7.697272727272729,9.090909090909092,2.727272727272727,9.090909090909092,2.727272727272727,9.090909090909092
2.0,0.75,0.3,Cybersecurity Researcher,0.0,0.0,0.0,0.0,0.0,0.0
2.0,0.75,0.1,Penetration Tester,36.645739999999996,37.3525,15.519999999999998,54.077999999999996,6.50375,64.1705
2.0,0.75,0.1,Cybersecurity Implementer,45.7026662909091,47.377818181818185,25.357818181818182,63.74145454545456,13.75818181818182,64.68727272727274
2.0,0.75,0.1,Cyber Threat Intelligence Specialist,22.05077470769231,19.31969230769231,6.273846153846155,47.012,5.473538461538461,54.73538461538462
2.0,0.75,0.1,Cyber Incident Responder,19.823138400000005,17.90123076923077,10.858153846153847,32.54769230769231,3.935076923076923,39.35076923076923
2.0,0.75,0.1,Digital Forensics Investigator,16.251738553846156,15.388153846153847,4.175076923076924,31.627384615384617,3.935076923076923,39.35076923076923
2.0,0.75,0.1,Cybersecurity Risk Manager,28.816272800000004,26.489000000000008,14.156000000000002,46.88899999999999,5.000000000000001,50.0
2.0,0.75,0.1,Cybersecurity Architect,25.3096,27.999999999999996,15.999999999999998,40.0,4.0,40.0
2.0,0.75,0.1,Cybersecurity Auditor,10.06325,12.5,1.25,12.5,1.25,12.5
2.0,0.75,0.1,"Cyber Legal, Policy & Compliance Officer",0.0,0.0,0.0,0.0,0.0,0.0
2.0,0.75,0.1,Cybersecurity Educator,24.0855,26.25,15.0,37.5,3.7500000000000004,37.5
2.0,0.75,0.1,Chief Information Security Officer (CISO),7.299090909090909,9.090909090909092,0.9090909090909092,9.090909090909092,0.9090909090909092,9.090909090909092
2.0,0.75,0.1,Cybersecurity Researcher,0.0,0.0,0.0,0.0,0.0,0.0
2.0,1.0,0.85,Penetration Tester,55.28187499999999,55.28187499999999,55.28187499999999,55.28187499999999,55.28187499999999,55.28187499999999
2.0,1.0,0.85,Cybersecurity Implementer,54.98418181818181,54.98418181818181,54.98418181818181,54.98418181818181,54.98418181818181,54.98418181818181
2.0,1.0,0.85,Cyber Threat Intelligence Specialist,46.525076923076924,46.525076923076924,46.525076923076924,46.525076923076924,46.525076923076924,46.525076923076924
2.0,1.0,0.85,Cyber Incident Responder,33.44815384615385,33.44815384615385,33.44815384615385,33.44815384615385,33.44815384615385,33.44815384615385
2.0,1.0,0.85,Digital Forensics Investigator,33.44815384615385,33.44815384615385,33.44815384615385,33.44815384615385,33.44815384615385,33.44815384615385
2.0,1.0,0.85,Cybersecurity Risk Manager,42.50000000000001,42.50000000000001,42.50000000000001,42.50000000000001,42.50000000000001,42.50000000000001
2.0,1.0,0.85,Cybersecurity Architect,34.0,34.0,34.0,34.0,34.0,34.0
2.0,1.0,0.85,Cybersecurity Auditor,10.625,10.625,10.625,10.625,10.625,10.625
2.0,1.0,0.85,"Cyber Legal, Policy & Compliance Officer",0.0,0.0,0.0,0.0,0.0,0.0
2.0,1.0,0.85,Cybersecurity Educator,31.874999999999996,31.874999999999996,31.874999999999996,31.874999999999996,31.874999999999996,31.874999999999996
2.0,1.0,0.85,Chief Information Security Officer (CISO),7.727272727272727,7.727272727272727,7.727272727272727,7.727272727272727,7.727272727272727,7.727272727272727
2.0,1.0,0.85,Cybersecurity Researcher,0.0,0.0,0.0,0.0,0.0,0.0
2.0,1.0,0.75,Penetration Tester,48.778125,48.778125,48.778125,48.778125,48.778125,48.778125
2.0,1.0,0.75,Cybersecurity Implementer,48.515454545454546,48.515454545454546,48.515454545454546,48.515454545454546,48.515454545454546,48.515454545454546
2.0,1.0,0.75,Cyber Threat Intelligence Specialist,41.05153846153847,41.05153846153847,41.05153846153847,41.05153846153847,41.05153846153847,41.05153846153847
2.0,1.0,0.75,Cyber Incident Responder,29.513076923076927,29.513076923076927,29.513076923076927,29.513076923076927,29.513076923076927,29.513076923076927
2.0,1.0,0.75,Digital Forensics Investigator,29.513076923076927,29.513076923076927,29.513076923076927,29.513076923076927,29.513076923076927,29.513076923076927
2.0,1.0,0.75,Cybersecurity Risk Manager,37.50000000000001,37.50000000000001,37.50000000000001,37.50000000000001,37.50000000000001,37.50000000000001
2.0,1.0,0.75,Cybersecurity Architect,30.000000000000004,30.000000000000004,30.000000000000004,30.000000000000004,30.000000000000004,30.000000000000004
2.0,1.0,0.75,Cybersecurity Auditor,9.375,9.375,9.375,9.375,9.375,9.375
2.0,1.0,0.75,"Cyber Legal, Policy & Compliance Officer",0.0,0.0,0.0,0.0,0.0,0.0
2.0,1.0,0.75,Cybersecurity Educator,28.125,28.125,28.125,28.125,28.125,28.125
2.0,1.0,0.75,Chief Information Security Officer (CISO),6.8181818181818175,6.8181818181818175,6.8181818181818175,6.8181818181818175,6.8181818181818175,6.8181818181818175
2.0,1.0,0.75,Cybersecurity Researcher,0.0,0.0,0.0,0.0,0.0,0.0
2.0,1.0,0.5,Penetration Tester,32.51875,32.51875,32.51875,32.51875,32.51875,32.51875
2.0,1.0,0.5,Cybersecurity Implementer,32.343636363636364,32.343636363636364,32.343636363636364,32.343636363636364,32.343636363636364,32.343636363636364
2.0,1.0,0.5,Cyber Threat Intelligence Specialist,27.36769230769231,27.36769230769231,27.36769230769231,27.36769230769231,27.36769230769231,27.36769230769231
2.0,1.0,0.5,Cyber Incident Responder,19.675384615384615,19.675384615384615,19.675384615384615,19.675384615384615,19.675384615384615,19.675384615384615
2.0,1.0,0.5,Digital Forensics Investigator,19.675384615384615,19.675384615384615,19.675384615384615,19.675384615384615,19.675384615384615,19.675384615384615
2.0,1.0,0.5,Cybersecurity Risk Manager,25.0,25.0,25.0,25.0,25.0,25.0
2.0,1.0,0.5,Cybersecurity Architect,20.0,20.0,20.0,20.0,20.0,20.0
2.0,1.0,0.5,Cybersecurity Auditor,6.25,6.25,6.25,6.25,6.25,6.25
2.0,1.0,0.5,"Cyber Legal, Policy & Compliance Officer",0.0,0.0,0.0,0.0,0.0,0.0
2.0,1.0,0.5,Cybersecurity Educator,18.75,18.75,18.75,18.75,18.75,18.75
2.0,1.0,0.5,Chief Information Security Officer (CISO),4.545454545454546,4.545454545454546,4.545454545454546,4.545454545454546,4.545454545454546,4.545454545454546
2.0,1.0,0.5,Cybersecurity Researcher,0.0,0.0,0.0,0.0,0.0,0.0
2.0,1.0,0.3,Penetration Tester,19.51125,19.51125,19.51125,19.51125,19.51125,19.51125
2.0,1.0,0.3,Cybersecurity Implementer,19.406181818181818,19.406181818181818,19.406181818181818,19.406181818181818,19.406181818181818,19.406181818181818
2.0,1.0,0.3,Cyber Threat Intelligence Specialist,16.420615384615385,16.420615384615385,16.420615384615385,16.420615384615385,16.420615384615385,16.420615384615385
2.0,1.0,0.3,Cyber Incident Responder,11.805230769230771,11.805230769230771,11.805230769230771,11.805230769230771,11.805230769230771,11.805230769230771
2.0,1.0,0.3,Digital Forensics Investigator,11.805230769230771,11.805230769230771,11.805230769230771,11.805230769230771,11.805230769230771,11.805230769230771
2.0,1.0,0.3,Cybersecurity Risk Manager,15.0,15.0,15.0,15.0,15.0,15.0
2.0,1.0,0.3,Cybersecurity Architect,12.0,12.0,12.0,12.0,12.0,12.0
2.0,1.0,0.3,Cybersecurity Auditor,3.75,3.75,3.75,3.75,3.75,3.75
2.0,1.0,0.3,"Cyber Legal, Policy & Compliance Officer",0.0,0.0,0.0,0.0,0.0,0.0
2.0,1.0,0.3,Cybersecurity Educator,11.249999999999998,11.249999999999998,11.249999999999998,11.249999999999998,11.249999999999998,11.249999999999998
2.0,1.0,0.3,Chief Information Security Officer (CISO),2.727272727272727,2.727272727272727,2.727272727272727,2.727272727272727,2.727272727272727,2.727272727272727
2.0,1.0,0.3,Cybersecurity Researcher,0.0,0.0,0.0,0.0,0.0,0.0
2.0,1.0,0.1,Penetration Tester,6.50375,6.50375,6.50375,6.50375,6.50375,6.50375
2.0,1.0,0.1,Cybersecurity Implementer,6.468727272727273,6.468727272727273,6.468727272727273,6.468727272727273,6.468727272727273,6.468727272727273
2.0,1.0,0.1,Cyber Threat Intelligence Specialist,5.473538461538461,5.473538461538461,5.473538461538461,5.473538461538461,5.473538461538461,5.473538461538461
2.0,1.0,0.1,Cyber Incident Responder,3.935076923076923,3.935076923076923,3.935076923076923,3.935076923076923,3.935076923076923,3.935076923076923
2.0,1.0,0.1,Digital Forensics Investigator,3.935076923076923,3.935076923076923,3.935076923076923,3.935076923076923,3.935076923076923,3.935076923076923
2.0,1.0,0.1,Cybersecurity Risk Manager,5.000000000000001,5.000000000000001,5.000000000000001,5.000000000000001,5.000000000000001,5.000000000000001
2.0,1.0,0.1,Cybersecurity Architect,4.0,4.0,4.0,4.0,4.0,4.0
2.0,1.0,0.1,Cybersecurity Auditor,1.25,1.25,1.25,1.25,1.25,1.25
2.0,1.0,0.1,"Cyber Legal, Policy & Compliance Officer",0.0,0.0,0.0,0.0,0.0,0.0
2.0,1.0,0.1,Cybersecurity Educator,3.7500000000000004,3.7500000000000004,3.7500000000000004,3.7500000000000004,3.7500000000000004,3.7500000000000004
2.0,1.0,0.1,Chief Information Security Officer (CISO),0.9090909090909092,0.9090909090909092,0.9090909090909092,0.9090909090909092,0.9090909090909092,0.9090909090909092
2.0,1.0,0.1,Cybersecurity Researcher,0.0,0.0,0.0,0.0,0.0,0.0
3.0,0.1,0.85,Penetration Tester,63.10056250908333,63.425758333333334,62.175758333333334,63.425758333333334,59.67575833333333,63.425758333333334
3.0,0.1,0.85,Cybersecurity Implementer,63.84630916436363,63.99367272727273,62.63003636363638,63.99367272727273,61.212803636363645,63.99367272727273
3.0,0.1,0.85,Cyber Threat Intelligence Specialist,53.635646216,54.14849230769231,49.53310769230769,54.14849230769231,48.379261538461535,54.14849230769231
3.0,0.1,0.85,Cyber Incident Responder,38.441646216,38.76387692307692,36.456184615384615,38.76387692307692,35.25698769230769,38.76387692307692
3.0,0.1,0.85,Digital Forensics Investigator,38.33710775446154,38.76387692307692,36.456184615384615,38.76387692307692,35.25698769230769,38.76387692307692
3.0,0.1,0.85,Cybersecurity Risk Manager,49.595600000000005,50.0,47.00000000000001,50.0,45.50000000000001,50.0
3.0,0.1,0.85,Cybersecurity Architect,39.8254,40.0,38.0,40.0,38.0,40.0
3.0,0.1,0.85,Cybersecurity Auditor,12.5,12.5,12.5,12.5,12.5,12.5
3.0,0.1,0.85,"Cyber Legal, Policy & Compliance Officer",0.0,0.0,0.0,0.0,0.0,0.0
3.0,0.1,0.85,Cybersecurity Educator,37.332750000000004,37.5,35.625,37.5,35.625,37.5
3.0,0.1,0.85,Chief Information Security Officer (CISO),9.090909090909092,9.090909090909092,9.090909090909092,9.090909090909092,9.090909090909092,9.090909090909092
3.0,0.1,0.85,Cybersecurity Researcher,0.0,0.0,0.0,0.0,0.0,0.0
3.0,0.1,0.75,Penetration Tester,62.88376529291667,63.425758333333334,61.342425,63.425758333333334,57.17575833333333,63.425758333333334
3.0,0.1,0.75,Cybersecurity Implementer,63.7480667890909,63.99367272727273,61.720945454545465,63.99367272727273,59.358890909090924,63.99367272727273
3.0,0.1,0.75,Cyber Threat Intelligence Specialist,53.293748821538465,54.14849230769231,46.45618461538462,54.14849230769231,44.5331076923077,54.14849230769231
3.0,0.1,0.75,Cyber Incident Responder,38.22682574461539,38.76387692307692,34.91772307692308,38.76387692307692,32.91906153846155,38.76387692307692
3.0,0.1,0.75,Digital Forensics Investigator,38.052594975384615,38.76387692307692,34.91772307692308,38.76387692307692,32.91906153846155,38.76387692307692
3.0,0.1,0.75,Cybersecurity Risk Manager,49.326,50.0,45.00000000000001,50.0,42.50000000000001,50.0
3.0,0.1,0.75,Cybersecurity Architect,39.708999999999996,40.0,36.666666666666664,40.0,36.666666666666664,40.0
3.0,0.1,0.75,Cybersecurity Auditor,12.5,12.5,12.5,12.5,12.5,12.5
3.0,0.1,0.75,"Cyber Legal, Policy & Compliance Officer",0.0,0.0,0.0,0.0,0.0,0.0
3.0,0.1,0.75,Cybersecurity Educator,37.22125,37.5,34.375,37.5,34.375,37.5
3.0,0.1,0.75,Chief Information Security Officer (CISO),9.090909090909092,9.090909090909092,9.090909090909092,9.090909090909092,9.090909090909092,9.090909090909092
3.0,0.1,0.75,Cybersecurity Researcher,0.0,0.0,0.0,0.0,0.0,0.0
3.0,0.1,0.5,Penetration Tester,62.411158175000004,63.425758333333334,59.25909166666666,63.425758333333334,52.12220833333333,63.425758333333334
3.0,0.1,0.5,Cybersecurity Implementer,63.56354506181818,63.99367272727273,60.10082727272727,63.99367272727273,56.02932727272727,63.99367272727273
3.0,0.1,0.5,Cyber Threat Intelligence Specialist,52.439005335384614,54.14849230769231,38.76387692307692,54.14849230769231,34.91772307692308,54.14849230769231
3.0,0.1,0.5,Cyber Incident Responder,37.739473258461544,38.76387692307692,31.07156923076923,38.76387692307692,27.22541538461539,38.76387692307692
3.0,0.1,0.5,Digital Forensics Investigator,37.43839114,38.76387692307692,31.071569230769235,38.76387692307692,27.22541538461539,38.76387692307692
3.0,0.1,0.5,Cybersecurity Risk Manager,48.71660830000001,50.0,40.0,50.0,35.0,50.0
3.0,0.1,0.5,Cybersecurity Architect,39.41799999999999,40.0,33.33333333333333,40.0,33.33333333333333,40.0
3.0,0.1,0.5,Cybersecurity Auditor,12.5,12.5,12.5,12.5,12.5,12.5
3.0,0.1,0.5,"Cyber Legal, Policy & Compliance Officer",0.0,0.0,0.0,0.0,0.0,0.0
3.0,0.1,0.5,Cybersecurity Educator,36.9425,37.5,31.25,37.5,31.25,37.5
3.0,0.1,0.5,Chief Information Security Officer (CISO),9.090909090909092,9.090909090909092,9.090909090909092,9.090909090909092,9.090909090909092,9.090909090909092
3.0,0.1,0.5,Cybersecurity Researcher,0.0,0.0,0.0,0.0,0.0,0.0
3.0,0.1,0.3,Penetration Tester,62.224267032,63.425758333333334,57.59242499999999,63.425758333333334,49.50691666666667,63.425758333333334
3.0,0.1,0.3,Cybersecurity Implementer,63.53727403672727,63.99367272727273,60.10082727272727,63.99367272727273,55.957865454545455,63.99367272727273
3.0,0.1,0.3,Cyber Threat Intelligence Specialist,51.75521054646154,54.14849230769231,32.61003076923077,54.14849230769231,27.22541538461539,54.14849230769231
3.0,0.1,0.3,Cyber Incident Responder,37.4483232003077,38.76387692307692,27.994646153846148,38.76387692307692,22.61003076923077,38.76387692307692
3.0,0.1,0.3,Digital Forensics Investigator,37.13988346492308,38.76387692307692,27.99464615384616,38.76387692307692,22.61003076923077,38.76387692307692
3.0,0.1,0.3,Cybersecurity Risk Manager,48.35744645,50.0,36.0,50.0,29.007630000000002,50.0
3.0,0.1,0.3,Cybersecurity Architect,39.185199999999995,40.0,30.666666666666664,40.0,30.666666666666664,40.0
3.0,0.1,0.3,Cybersecurity Auditor,12.5,12.5,12.5,12.5,12.5,12.5
3.0,0.1,0.3,"Cyber Legal, Policy & Compliance Officer",0.0,0.0,0.0,0.0,0.0,0.0
3.0,0.1,0.3,Cybersecurity Educator,36.7195,37.5,28.749999999999996,37.5,28.749999999999996,37.5
3.0,0.1,0.3,Chief Information Security Officer (CISO),9.090909090909092,9.090909090909092,9.090909090909092,9.090909090909092,9.090909090909092,9.090909090909092
3.0,0.1,0.3,Cybersecurity Researcher,0.0,0.0,0.0,0.0,0.0,0.0
3.0,0.1,0.1,Penetration Tester,62.04797980733334,63.425758333333334,55.925758333333334,63.425758333333334,47.84025,63.425758333333334
3.0,0.1,0.1,Cybersecurity Implementer,63.519334740727274,63.99367272727273,60.10082727272727,63.99367272727273,55.81185454545455,63.99367272727273
3.0,0.1,0.1,Cyber Threat Intelligence Specialist,51.07141575753846,54.14849230769231,26.456184615384615,54.14849230769231,19.533107692307695,54.14849230769231
3.0,0.1,0.1,Cyber Incident Responder,37.16487456523077,38.76387692307692,24.917723076923078,38.76387692307692,17.994646153846155,38.76387692307692
3.0,0.1,0.1,Digital Forensics Investigator,36.85612713753846,38.76387692307692,24.917723076923078,38.76387692307692,17.994646153846155,38.76387692307692
3.0,0.1,0.1,Cybersecurity Risk Manager,48.008296449999996,50.0,32.00000000000001,50.0,25.007630000000002,50.0
3.0,0.1,0.1,Cybersecurity Architect,38.95239999999999,40.0,27.999999999999996,40.0,27.999999999999996,40.0
3.0,0.1,0.1,Cybersecurity Auditor,12.5,12.5,12.5,12.5,12.5,12.5
3.0,0.1,0.1,"Cyber Legal, Policy & Compliance Officer",0.0,0.0,0.0,0.0,0.0,0.0
3.0,0.1,0.1,Cybersecurity Educator,36.4965,37.5,26.25,37.5,26.25,37.5
3.0,0.1,0.1,Chief Information Security Officer (CISO),9.090909090909092,9.090909090909092,9.090909090909092,9.090909090909092,9.090909090909092,9.090909090909092
3.0,0.1,0.1,Cybersecurity Researcher,0.0,0.0,0.0,0.0,0.0,0.0
3.0,0.25,0.85,Penetration Tester,62.44018506833334,62.661894583333336,60.87662833333333,63.425758333333334,57.66189458333333,63.425758333333334
3.0,0.25,0.85,Cybersecurity Implementer,63.51059439563637,63.99367272727273,61.26640000000001,63.99367272727273,59.84916727272728,63.99367272727273
3.0,0.25,0.85,Cyber Threat Intelligence Specialist,52.645195257846154,54.10314153846154,48.379261538461535,54.14849230769231,47.180064615384616,54.14849230769231
3.0,0.25,0.85,Cyber Incident Responder,37.847887565538464,38.718526153846156,35.302338461538454,38.76387692307692,34.103141538461536,38.76387692307692
3.0,0.25,0.85,Digital Forensics Investigator,37.57304141169231,37.61003076923077,35.302338461538454,38.76387692307692,32.994646153846155,38.76387692307692
3.0,0.25,0.85,Cybersecurity Risk Manager,48.9059,50.0,45.50000000000001,50.0,45.50000000000001,50.0
3.0,0.25,0.85,Cybersecurity Architect,39.499399999999994,40.0,38.0,40.0,37.0,40.0
3.0,0.25,0.85,Cybersecurity Auditor,12.498874999999998,12.5,12.5,12.5,10.625,12.5
3.0,0.25,0.85,"Cyber Legal, Policy & Compliance Officer",0.0,0.0,0.0,0.0,0.0,0.0
3.0,0.25,0.85,Cybersecurity Educator,37.026375,37.5,35.625,37.5,33.75,37.5
3.0,0.25,0.85,Chief Information Security Officer (CISO),9.090909090909092,9.090909090909092,9.090909090909092,9.090909090909092,9.090909090909092,9.090909090909092
3.0,0.25,0.85,Cybersecurity Researcher,0.0,0.0,0.0,0.0,0.0,0.0
3.0,0.25,0.75,Penetration Tester,61.783136225,62.15265208333334,59.17720833333333,63.425758333333334,53.81931874999999,63.425758333333334
3.0,0.25,0.75,Cybersecurity Implementer,63.18854217454546,63.99367272727273,59.44821818181819,63.99367272727273,57.08616363636365,63.99367272727273
3.0,0.25,0.75,Cyber Threat Intelligence Specialist,51.642997224615385,54.0729076923077,44.5331076923077,54.14849230769231,42.53444615384616,54.14849230769231
3.0,0.25,0.75,Cyber Incident Responder,37.23722799384616,38.688292307692315,32.994646153846155,38.76387692307692,30.995984615384625,38.76387692307692
3.0,0.25,0.75,Digital Forensics Investigator,36.77915107076924,36.8408,32.994646153846155,38.76387692307692,29.148492307692308,38.76387692307692
3.0,0.25,0.75,Cybersecurity Risk Manager,48.176500000000004,50.0,42.50000000000001,50.0,42.50000000000001,50.0
3.0,0.25,0.75,Cybersecurity Architect,39.16566666666666,40.0,36.666666666666664,40.0,35.0,40.0
3.0,0.25,0.75,Cybersecurity Auditor,12.498125,12.5,12.5,12.5,9.375,12.5
3.0,0.25,0.75,"Cyber Legal, Policy & Compliance Officer",0.0,0.0,0.0,0.0,0.0,0.0
3.0,0.25,0.75,Cybersecurity Educator,36.710625,37.5,34.375,37.5,31.25,37.5
3.0,0.25,0.75,Chief Information Security Officer (CISO),9.090909090909092,9.090909090909092,9.090909090909092,9.090909090909092,9.090909090909092,9.090909090909092
3.0,0.25,0.75,Cybersecurity Researcher,0.0,0.0,0.0,0.0,0.0,0.0
3.0,0.25,0.5,Penetration Tester,60.29935547166666,60.87954583333334,55.52688333333332,63.425758333333334,44.33679166666667,63.425758333333334
3.0,0.25,0.5,Cybersecurity Implementer,62.53024866727272,63.99367272727273,56.20798181818182,63.99367272727273,50.178654545454535,63.99367272727273
3.0,0.25,0.5,Cyber Threat Intelligence Specialist,49.13750214153846,53.99732307692309,34.91772307692308,54.14849230769231,30.920400000000004,54.14849230769231
3.0,0.25,0.5,Cyber Incident Responder,35.81428366923077,38.612707692307694,27.777623076923074,38.76387692307692,23.37926153846154,38.76387692307692
3.0,0.25,0.5,Digital Forensics Investigator,35.00128222,35.469930769230764,27.77762307692308,38.76387692307692,20.637523076923078,38.76387692307692
3.0,0.25,0.5,Cybersecurity Risk Manager,46.487815986,50.0,35.71787,50.0,35.0,50.0
3.0,0.25,0.5,Cybersecurity Architect,38.33133333333333,40.0,33.33333333333333,40.0,30.0,40.0
3.0,0.25,0.5,Cybersecurity Auditor,12.49625,12.5,12.5,12.5,6.25,12.5
3.0,0.25,0.5,"Cyber Legal, Policy & Compliance Officer",0.0,0.0,0.0,0.0,0.0,0.0
3.0,0.25,0.5,Cybersecurity Educator,35.92125,37.5,31.25,37.5,25.0,37.5
3.0,0.25,0.5,Chief Information Security Officer (CISO),9.090909090909092,9.090909090909092,9.090909090909092,9.090909090909092,9.090909090909092,9.090909090909092
3.0,0.25,0.5,Cybersecurity Researcher,0.0,0.0,0.0,0.0,0.0,0.0
3.0,0.25,0.3,Penetration Tester,59.54409352433333,59.86106083333333,53.79470999999999,63.425758333333334,36.757000833333336,63.425758333333334
3.0,0.25,0.3,Cybersecurity Implementer,62.29559859963636,63.99367272727273,56.20798181818182,63.99367272727273,44.666520000000006,63.99367272727273
3.0,0.25,0.3,Cyber Threat Intelligence Specialist,47.13310607507692,53.93685538461539,27.22541538461539,54.14849230769231,21.629163076923078,54.14849230769231
3.0,0.25,0.3,Cyber Incident Responder,34.88213997969231,38.552240000000005,24.7007,38.76387692307692,17.231284615384617,38.76387692307692
3.0,0.25,0.3,Digital Forensics Investigator,33.99030694123077,35.469930769230764,24.7007,38.76387692307692,16.022138461538464,38.76387692307692
3.0,0.25,0.3,Cybersecurity Risk Manager,45.40494407600001,50.0,31.717870000000005,50.0,29.000000000000004,50.0
3.0,0.25,0.3,Cybersecurity Architect,37.663866666666664,40.0,30.666666666666664,40.0,26.0,40.0
3.0,0.25,0.3,Cybersecurity Auditor,12.49475,12.5,12.5,12.5,3.75,12.5
3.0,0.25,0.3,"Cyber Legal, Policy & Compliance Officer",0.0,0.0,0.0,0.0,0.0,0.0
3.0,0.25,0.3,Cybersecurity Educator,35.289750000000005,37.5,28.749999999999996,37.5,20.0,37.5
3.0,0.25,0.3,Chief Information Security Officer (CISO),9.090909090909092,9.090909090909092,9.090909090909092,9.090909090909092,9.090909090909092,9.090909090909092
3.0,0.25,0.3,Cybersecurity Researcher,0.0,0.0,0.0,0.0,0.0,0.0
3.0,0.25,0.1,Penetration Tester,58.90242501233334,59.85731666666667,51.90775333333333,63.425758333333334,29.702533333333342,63.425758333333334
3.0,0.25,0.1,Cybersecurity Implementer,62.15585779381818,63.99367272727273,55.81185454545455,63.99367272727273,39.44821818181819,63.99367272727273
3.0,0.25,0.1,Cyber Threat Intelligence Specialist,45.12871000861539,53.876387692307695,19.533107692307695,54.14849230769231,12.337926153846155,54.14849230769231
3.0,0.25,0.1,Cyber Incident Responder,34.01732083630769,38.491772307692315,21.623776923076925,38.76387692307692,12.615900000000002,38.76387692307692
3.0,0.25,0.1,Digital Forensics Investigator,33.11071856707692,35.469930769230764,21.623776923076925,38.76387692307692,11.071569230769231,38.76387692307692
3.0,0.25,0.1,Cybersecurity Risk Manager,44.40959407600001,50.0,27.71787,50.0,23.25,50.0
3.0,0.25,0.1,Cybersecurity Architect,36.996399999999994,40.0,27.999999999999996,40.0,21.999999999999996,40.0
3.0,0.25,0.1,Cybersecurity Auditor,12.493249999999998,12.5,12.5,12.5,1.25,12.5
3.0,0.25,0.1,"Cyber Legal, Policy & Compliance Officer",0.0,0.0,0.0,0.0,0.0,0.0
3.0,0.25,0.1,Cybersecurity Educator,34.65825,37.5,26.25,37.5,15.0,37.5
3.0,0.25,0.1,Chief Information Security Officer (CISO),9.090909090909092,9.090909090909092,9.090909090909092,9.090909090909092,9.090909090909092,9.090909090909092
3.0,0.25,0.1,Cybersecurity Researcher,0.0,0.0,0.0,0.0,0.0,0.0
3.0,0.5,0.85,Penetration Tester,60.94867583258332,60.925758333333334,58.37662833333332,63.37662833333334,55.21102458333333,63.425758333333334
3.0,0.5,0.85,Cybersecurity Implementer,62.60345379563637,62.630036363636364,59.902763636363645,63.99367272727273,57.17549090909091,63.99367272727273
3.0,0.5,0.85,Cyber Threat Intelligence Specialist,51.03323013476923,51.79544923076923,48.33391076923076,54.14849230769231,46.07156923076923,54.14849230769231
3.0,0.5,0.85,Cyber Incident Responder,36.80523013476923,36.456184615384615,35.25698769230769,38.76387692307692,34.103141538461536,38.76387692307692
3.0,0.5,0.85,Digital Forensics Investigator,36.23361475015385,36.41083384615384,34.103141538461536,38.718526153846156,32.94929538461538,38.76387692307692
3.0,0.5,0.85,Cybersecurity Risk Manager,47.78660000000001,48.5,45.50000000000001,50.0,44.00000000000001,50.0
3.0,0.5,0.85,Cybersecurity Architect,38.8864,38.99999999999999,37.0,40.0,35.0,40.0
3.0,0.5,0.85,Cybersecurity Auditor,12.462125,12.5,12.5,12.5,10.625,12.5
3.0,0.5,0.85,"Cyber Legal, Policy & Compliance Officer",0.0,0.0,0.0,0.0,0.0,0.0
3.0,0.5,0.85,Cybersecurity Educator,36.512625,35.625,35.625,37.5,33.75,37.5
3.0,0.5,0.85,Chief Information Security Officer (CISO),9.064727272727275,9.090909090909092,9.090909090909092,9.090909090909092,7.727272727272727,9.090909090909092
3.0,0.5,0.85,Cybersecurity Researcher,0.0,0.0,0.0,0.0,0.0,0.0
3.0,0.5,0.75,Penetration Tester,59.297287498749995,59.25909166666666,55.010541666666654,63.343875000000004,49.73453541666667,63.425758333333334
3.0,0.5,0.75,Cybersecurity Implementer,61.67664117454545,61.720945454545465,57.17549090909092,63.99367272727273,52.630036363636364,63.99367272727273
3.0,0.5,0.75,Cyber Threat Intelligence Specialist,48.95638868615385,50.22675384615385,44.45752307692309,54.14849230769231,40.68695384615385,54.14849230769231
3.0,0.5,0.75,Cyber Incident Responder,35.499465609230775,34.91772307692308,32.91906153846155,38.76387692307692,30.995984615384625,38.76387692307692
3.0,0.5,0.75,Digital Forensics Investigator,34.54677330153847,34.84213846153847,30.995984615384625,38.688292307692315,29.07290769230769,38.76387692307692
3.0,0.5,0.75,Cybersecurity Risk Manager,46.311,47.5,42.50000000000001,50.0,40.0,50.0
3.0,0.5,0.75,Cybersecurity Architect,38.14399999999999,38.33333333333333,35.0,40.0,31.666666666666664,40.0
3.0,0.5,0.75,Cybersecurity Auditor,12.436875,12.5,12.5,12.5,9.375,12.5
3.0,0.5,0.75,"Cyber Legal, Policy & Compliance Officer",0.0,0.0,0.0,0.0,0.0,0.0
3.0,0.5,0.75,Cybersecurity Educator,35.854375,34.375,34.375,37.5,31.25,37.5
3.0,0.5,0.75,Chief Information Security Officer (CISO),9.04727272727273,9.090909090909092,9.090909090909092,9.090909090909092,6.8181818181818175,9.090909090909092
3.0,0.5,0.75,Cybersecurity Researcher,0.0,0.0,0.0,0.0,0.0,0.0
3.0,0.5,0.5,Penetration Tester,55.43500996916667,55.690650000000005,47.791774999999994,63.261991666666674,36.167225,63.425758333333334
3.0,0.5,0.5,Cybersecurity Implementer,59.62026169272727,59.44821818181819,51.66252727272727,63.99367272727273,42.57161818181818,63.99367272727273
3.0,0.5,0.5,Cyber Threat Intelligence Specialist,43.764285064615386,46.30501538461539,34.76655384615385,54.14849230769231,27.22541538461539,54.14849230769231
3.0,0.5,0.5,Cyber Incident Responder,32.377984107692306,31.07156923076923,27.07424615384616,38.76387692307692,23.228092307692307,38.76387692307692
3.0,0.5,0.5,Digital Forensics Investigator,30.62002048461539,31.071569230769235,23.37926153846154,38.612707692307694,19.38193846153846,38.76387692307692
3.0,0.5,0.5,Cybersecurity Risk Manager,42.807784756000004,44.99999999999999,35.0,50.0,30.000000000000004,50.0
3.0,0.5,0.5,Cybersecurity Architect,36.288,36.666666666666664,30.0,40.0,23.333333333333332,40.0
3.0,0.5,0.5,Cybersecurity Auditor,12.37375,12.5,12.5,12.5,6.25,12.5
3.0,0.5,0.5,"Cyber Legal, Policy & Compliance Officer",0.0,0.0,0.0,0.0,0.0,0.0
3.0,0.5,0.5,Cybersecurity Educator,34.20875,31.25,31.25,37.5,25.0,37.5
3.0,0.5,0.5,Chief Information Security Officer (CISO),9.003636363636366,9.090909090909092,9.090909090909092,9.090909090909092,4.545454545454546,9.090909090909092
3.0,0.5,0.5,Cybersecurity Researcher,0.0,0.0,0.0,0.0,0.0,0.0
3.0,0.5,0.3,Penetration Tester,53.0327875085,54.023983333333334,42.361060833333326,63.196485,26.179941666666668,63.425758333333334
3.0,0.5,0.3,Cybersecurity Implementer,58.494109819636364,57.63003636363637,49.84434545454546,63.99367272727273,37.11707272727273,63.99367272727273
3.0,0.5,0.3,Cyber Threat Intelligence Specialist,39.61060216738462,43.16762461538462,27.01377846153846,54.14849230769231,16.45618461538462,54.14849230769231
3.0,0.5,0.3,Cyber Incident Responder,30.165646727384615,27.994646153846155,22.398393846153848,38.76387692307692,17.01377846153846,38.76387692307692
3.0,0.5,0.3,Digital Forensics Investigator,28.05674205815385,27.994646153846148,17.225415384615385,38.552240000000005,11.629163076923078,38.76387692307692
3.0,0.5,0.3,Cybersecurity Risk Manager,40.375133928000004,43.00000000000001,29.000000000000004,50.0,22.0,50.0
3.0,0.5,0.3,Cybersecurity Architect,34.8032,35.33333333333333,26.0,40.0,16.666666666666664,40.0
3.0,0.5,0.3,Cybersecurity Auditor,12.323250000000002,12.5,12.5,12.5,3.75,12.5
3.0,0.5,0.3,"Cyber Legal, Policy & Compliance Officer",0.0,0.0,0.0,0.0,0.0,0.0
3.0,0.5,0.3,Cybersecurity Educator,32.892250000000004,28.749999999999996,28.749999999999996,37.5,20.0,37.5
3.0,0.5,0.3,Chief Information Security Officer (CISO),8.968727272727275,9.090909090909092,9.090909090909092,9.090909090909092,2.727272727272727,9.090909090909092
3.0,0.5,0.3,Cybersecurity Researcher,0.0,0.0,0.0,0.0,0.0,0.0
3.0,0.5,0.1,Penetration Tester,51.0122554365,52.11608666666666,36.90775333333334,63.130978333333346,19.513275,63.425758333333334
3.0,0.5,0.1,Cybersecurity Implementer,57.705211850181826,57.315394545454545,47.630036363636364,63.99367272727273,31.266400000000004,63.99367272727273
3.0,0.5,0.1,Cyber Threat Intelligence Specialist,35.45691927015385,40.03023384615385,19.26100307692308,54.14849230769231,5.6869538461538465,54.14849230769231
3.0,0.5,0.1,Cyber Incident Responder,28.154463830153848,26.189949230769237,17.722541538461538,38.76387692307692,10.799464615384617,38.76387692307692
3.0,0.5,0.1,Digital Forensics Investigator,25.890789930153847,24.917723076923078,12.615900000000002,38.491772307692315,3.876387692307693,38.76387692307692
3.0,0.5,0.1,Cybersecurity Risk Manager,38.203983928,41.0,23.25,50.0,14.000000000000002,50.0
3.0,0.5,0.1,Cybersecurity Architect,33.31839999999999,34.0,21.999999999999996,40.0,10.0,40.0
3.0,0.5,0.1,Cybersecurity Auditor,12.27275,12.5,12.5,12.5,1.25,12.5
3.0,0.5,0.1,"Cyber Legal, Policy & Compliance Officer",0.0,0.0,0.0,0.0,0.0,0.0
3.0,0.5,0.1,Cybersecurity Educator,31.575749999999996,26.25,26.25,37.5,15.0,37.5
3.0,0.5,0.1,Chief Information Security Officer (CISO),8.933818181818186,9.090909090909092,9.090909090909092,9.090909090909092,0.9090909090909092,9.090909090909092
3.0,0.5,0.1,Cybersecurity Researcher,0.0,0.0,0.0,0.0,0.0,0.0
3.0,0.75,0.85,Penetration Tester,58.293611915583334,58.37662833333332,54.67575833333333,61.41189458333333,53.91189458333332,63.37662833333334
3.0,0.75,0.85,Cybersecurity Implementer,60.45700339709092,61.21280363636363,57.121894545454545,63.940076363636365,54.39462181818182,63.99367272727273
3.0,0.75,0.85,Cyber Threat Intelligence Specialist,48.768156720615394,48.33391076923076,46.07156923076923,52.94929538461539,46.02621846153846,54.14849230769231
3.0,0.75,0.85,Cyber Incident Responder,35.32892595138461,35.25698769230769,34.103141538461536,37.56468,32.94929538461538,38.76387692307692
3.0,0.75,0.85,Digital Forensics Investigator,34.53715672061538,34.10314153846154,32.94929538461538,36.456184615384615,32.94929538461538,38.76387692307692
3.0,0.75,0.85,Cybersecurity Risk Manager,46.17020000000001,45.50000000000001,44.00000000000001,48.5,42.50000000000001,50.0
3.0,0.75,0.85,Cybersecurity Architect,37.55159999999999,37.99999999999999,36.0,40.0,34.0,40.0
3.0,0.75,0.85,Cybersecurity Auditor,12.093874999999999,12.5,10.625,12.5,10.625,12.5
3.0,0.75,0.85,"Cyber Legal, Policy & Compliance Officer",0.0,0.0,0.0,0.0,0.0,0.0
3.0,0.75,0.85,Cybersecurity Educator,35.264250000000004,35.625,33.75,37.5,31.874999999999996,37.5
3.0,0.75,0.85,Chief Information Security Officer (CISO),8.79227272727273,9.090909090909092,7.727272727272727,9.090909090909092,7.727272727272727,9.090909090909092
3.0,0.75,0.85,Cybersecurity Researcher,0.0,0.0,0.0,0.0,0.0,0.0
3.0,0.75,0.75,Penetration Tester,54.872180970416665,55.010541666666654,48.842425,60.06931874999999,47.569318749999994,63.343875000000004
3.0,0.75,0.75,Cybersecurity Implementer,58.09922384363637,59.35889090909091,52.54070909090909,63.904345454545464,47.99525454545454,63.99367272727273
3.0,0.75,0.75,Cyber Threat Intelligence Specialist,45.18126632923077,44.45752307692309,40.68695384615385,52.149830769230775,40.61136923076924,54.14849230769231
3.0,0.75,0.75,Cyber Incident Responder,33.038958636923084,32.91906153846155,30.995984615384625,36.76521538461539,29.072907692307698,38.76387692307692
3.0,0.75,0.75,Digital Forensics Investigator,31.719343252307695,30.995984615384625,29.07290769230769,34.91772307692308,29.07290769230769,38.76387692307692
3.0,0.75,0.75,Cybersecurity Risk Manager,43.617,42.50000000000001,40.0,47.5,37.50000000000001,50.0
3.0,0.75,0.75,Cybersecurity Architect,35.919333333333334,36.666666666666664,33.33333333333333,40.0,30.0,40.0
3.0,0.75,0.75,Cybersecurity Auditor,11.823125,12.5,9.375,12.5,9.375,12.5
3.0,0.75,0.75,"Cyber Legal, Policy & Compliance Officer",0.0,0.0,0.0,0.0,0.0,0.0
3.0,0.75,0.75,Cybersecurity Educator,33.77375,34.375,31.25,37.5,28.125,37.5
3.0,0.75,0.75,Chief Information Security Officer (CISO),8.593181818181819,9.090909090909092,6.8181818181818175,9.090909090909092,6.8181818181818175,9.090909090909092
3.0,0.75,0.75,Cybersecurity Researcher,0.0,0.0,0.0,0.0,0.0,0.0
3.0,0.75,0.5,Penetration Tester,46.54300271,47.35731666666666,35.45554166666666,56.71287916666666,31.712879166666667,63.261991666666674
3.0,0.75,0.5,Cybersecurity Implementer,52.425748398181824,54.72410909090909,41.08774545454546,63.81501818181818,32.17549090909092,63.99367272727273
3.0,0.75,0.5,Cyber Threat Intelligence Specialist,36.21404035076924,34.76655384615385,27.22541538461539,50.151169230769234,27.074246153846154,54.14849230769231
3.0,0.75,0.5,Cyber Incident Responder,27.41872734923077,27.07424615384616,23.228092307692307,34.766553846153855,19.38193846153846,38.76387692307692
3.0,0.75,0.5,Digital Forensics Investigator,24.88166658307692,23.37926153846154,19.38193846153846,32.02481538461539,19.38193846153846,38.76387692307692
3.0,0.75,0.5,Cybersecurity Risk Manager,37.367093098,35.0,30.000000000000004,45.71786999999999,25.0,50.0
3.0,0.75,0.5,Cybersecurity Architect,31.838666666666665,33.33333333333333,26.666666666666668,40.0,20.0,40.0
3.0,0.75,0.5,Cybersecurity Auditor,11.14625,12.5,6.25,12.5,6.25,12.5
3.0,0.75,0.5,"Cyber Legal, Policy & Compliance Officer",0.0,0.0,0.0,0.0,0.0,0.0
3.0,0.75,0.5,Cybersecurity Educator,30.0475,31.25,25.0,37.5,18.75,37.5
3.0,0.75,0.5,Chief Information Security Officer (CISO),8.095454545454546,9.090909090909092,4.545454545454546,9.090909090909092,4.545454545454546,9.090909090909092
3.0,0.75,0.5,Cybersecurity Researcher,0.0,0.0,0.0,0.0,0.0,0.0
3.0,0.75,0.3,Penetration Tester,40.44527154666666,42.35731666666667,24.861060833333333,54.02772749999999,19.027727499999997,63.196485
3.0,0.75,0.3,Cybersecurity Implementer,48.327684600363646,51.01628363636364,31.939247272727272,63.743556363636365,19.46209090909091,63.99367272727273
3.0,0.75,0.3,Cyber Threat Intelligence Specialist,29.040259568,27.01377846153846,16.45618461538462,48.552240000000005,16.24454769230769,54.14849230769231
3.0,0.75,0.3,Cyber Incident Responder,23.163345457230772,22.398393846153848,17.01377846153846,33.17349384615385,11.629163076923078,38.76387692307692
3.0,0.75,0.3,Digital Forensics Investigator,19.82408932646154,17.231284615384617,11.629163076923078,31.964347692307694,11.629163076923078,38.76387692307692
3.0,0.75,0.3,Cybersecurity Risk Manager,32.632611656,29.007630000000002,22.0,45.71786999999999,15.0,50.0
3.0,0.75,0.3,Cybersecurity Architect,28.57413333333333,30.666666666666664,21.33333333333333,40.0,12.000000000000002,40.0
3.0,0.75,0.3,Cybersecurity Auditor,10.60475,12.5,3.75,12.5,3.75,12.5
3.0,0.75,0.3,"Cyber Legal, Policy & Compliance Officer",0.0,0.0,0.0,0.0,0.0,0.0
3.0,0.75,0.3,Cybersecurity Educator,27.066499999999998,28.749999999999996,20.0,37.5,11.249999999999998,37.5
3.0,0.75,0.3,Chief Information Security Officer (CISO),7.697272727272729,9.090909090909092,2.727272727272727,9.090909090909092,2.727272727272727,9.090909090909092
3.0,0.75,0.3,Cybersecurity Researcher,0.0,0.0,0.0,0.0,0.0,0.0
3.0,0.75,0.1,Penetration Tester,34.895564078,36.34257583333333,13.842575833333331,52.06253666666666,6.342575833333333,63.130978333333346
3.0,0.75,0.1,Cybersecurity Implementer,44.715034584363636,47.30845818181819,23.159130909090912,63.67209454545455,10.37118181818182,63.99367272727273
3.0,0.75,0.1,Cyber Threat Intelligence Specialist,21.866478785230775,19.26100307692308,5.6869538461538465,46.95331076923077,5.414849230769231,54.14849230769231
3.0,0.75,0.1,Cyber Incident Responder,19.154410828307693,17.722541538461538,10.799464615384617,31.840799999999998,3.8763876923076923,38.76387692307692
3.0,0.75,0.1,Digital Forensics Investigator,15.243154697538461,13.888126153846155,3.876387692307693,31.568695384615385,3.876387692307693,38.76387692307692
3.0,0.75,0.1,Cybersecurity Risk Manager,28.218511656,25.007630000000002,14.000000000000002,45.71786999999999,5.000000000000001,50.0
3.0,0.75,0.1,Cybersecurity Architect,25.3096,27.999999999999996,15.999999999999998,40.0,4.0,40.0
3.0,0.75,0.1,Cybersecurity Auditor,10.06325,12.5,1.25,12.5,1.25,12.5
3.0,0.75,0.1,"Cyber Legal, Policy & Compliance Officer",0.0,0.0,0.0,0.0,0.0,0.0
3.0,0.75,0.1,Cybersecurity Educator,24.0855,26.25,15.0,37.5,3.7500000000000004,37.5
3.0,0.75,0.1,Chief Information Security Officer (CISO),7.299090909090909,9.090909090909092,0.9090909090909092,9.090909090909092,0.9090909090909092,9.090909090909092
3.0,0.75,0.1,Cybersecurity Researcher,0.0,0.0,0.0,0.0,0.0,0.0
3.0,1.0,0.85,Penetration Tester,53.91189458333333,53.91189458333333,53.91189458333333,53.91189458333333,53.91189458333333,53.91189458333333
3.0,1.0,0.85,Cybersecurity Implementer,54.39462181818182,54.39462181818182,54.39462181818182,54.39462181818182,54.39462181818182,54.39462181818182
3.0,1.0,0.85,Cyber Threat Intelligence Specialist,46.02621846153846,46.02621846153846,46.02621846153846,46.02621846153846,46.02621846153846,46.02621846153846
3.0,1.0,0.85,Cyber Incident Responder,32.94929538461538,32.94929538461538,32.94929538461538,32.94929538461538,32.94929538461538,32.94929538461538
3.0,1.0,0.85,Digital Forensics Investigator,32.94929538461538,32.94929538461538,32.94929538461538,32.94929538461538,32.94929538461538,32.94929538461538
3.0,1.0,0.85,Cybersecurity Risk Manager,42.50000000000001,42.50000000000001,42.50000000000001,42.50000000000001,42.50000000000001,42.50000000000001
3.0,1.0,0.85,Cybersecurity Architect,34.0,34.0,34.0,34.0,34.0,34.0
3.0,1.0,0.85,Cybersecurity Auditor,10.625,10.625,10.625,10.625,10.625,10.625
3.0,1.0,0.85,"Cyber Legal, Policy & Compliance Officer",0.0,0.0,0.0,0.0,0.0,0.0
3.0,1.0,0.85,Cybersecurity Educator,31.874999999999996,31.874999999999996,31.874999999999996,31.874999999999996,31.874999999999996,31.874999999999996
3.0,1.0,0.85,Chief Information Security Officer (CISO),7.727272727272727,7.727272727272727,7.727272727272727,7.727272727272727,7.727272727272727,7.727272727272727
3.0,1.0,0.85,Cybersecurity Researcher,0.0,0.0,0.0,0.0,0.0,0.0
3.0,1.0,0.75,Penetration Tester,47.56931875,47.56931875,47.56931875,47.56931875,47.56931875,47.56931875
3.0,1.0,0.75,Cybersecurity Implementer,47.99525454545454,47.99525454545454,47.99525454545454,47.99525454545454,47.99525454545454,47.99525454545454
3.0,1.0,0.75,Cyber Threat Intelligence Specialist,40.611369230769235,40.611369230769235,40.611369230769235,40.611369230769235,40.611369230769235,40.611369230769235
3.0,1.0,0.75,Cyber Incident Responder,29.07290769230769,29.07290769230769,29.07290769230769,29.07290769230769,29.07290769230769,29.07290769230769
3.0,1.0,0.75,Digital Forensics Investigator,29.07290769230769,29.07290769230769,29.07290769230769,29.07290769230769,29.07290769230769,29.07290769230769
3.0,1.0,0.75,Cybersecurity Risk Manager,37.50000000000001,37.50000000000001,37.50000000000001,37.50000000000001,37.50000000000001,37.50000000000001
3.0,1.0,0.75,Cybersecurity Architect,30.000000000000004,30.000000000000004,30.000000000000004,30.000000000000004,30.000000000000004,30.000000000000004
3.0,1.0,0.75,Cybersecurity Auditor,9.375,9.375,9.375,9.375,9.375,9.375
3.0,1.0,0.75,"Cyber Legal, Policy & Compliance Officer",0.0,0.0,0.0,0.0,0.0,0.0
3.0,1.0,0.75,Cybersecurity Educator,28.125,28.125,28.125,28.125,28.125,28.125
3.0,1.0,0.75,Chief Information Security Officer (CISO),6.8181818181818175,6.8181818181818175,6.8181818181818175,6.8181818181818175,6.8181818181818175,6.8181818181818175
3.0,1.0,0.75,Cybersecurity Researcher,0.0,0.0,0.0,0.0,0.0,0.0
3.0,1.0,0.5,Penetration Tester,31.712879166666664,31.712879166666664,31.712879166666664,31.712879166666664,31.712879166666664,31.712879166666664
3.0,1.0,0.5,Cybersecurity Implementer,31.996836363636366,31.996836363636366,31.996836363636366,31.996836363636366,31.996836363636366,31.996836363636366
3.0,1.0,0.5,Cyber Threat Intelligence Specialist,27.074246153846154,27.074246153846154,27.074246153846154,27.074246153846154,27.074246153846154,27.074246153846154
3.0,1.0,0.5,Cyber Incident Responder,19.38193846153846,19.38193846153846,19.38193846153846,19.38193846153846,19.38193846153846,19.38193846153846
3.0,1.0,0.5,Digital Forensics Investigator,19.38193846153846,19.38193846153846,19.38193846153846,19.38193846153846,19.38193846153846,19.38193846153846
3.0,1.0,0.5,Cybersecurity Risk Manager,25.0,25.0,25.0,25.0,25.0,25.0
3.0,1.0,0.5,Cybersecurity Architect,20.0,20.0,20.0,20.0,20.0,20.0
3.0,1.0,0.5,Cybersecurity Auditor,6.25,6.25,6.25,6.25,6.25,6.25
3.0,1.0,0.5,"Cyber Legal, Policy & Compliance Officer",0.0,0.0,0.0,0.0,0.0,0.0
3.0,1.0,0.5,Cybersecurity Educator,18.75,18.75,18.75,18.75,18.75,18.75
3.0,1.0,0.5,Chief Information Security Officer (CISO),4.545454545454546,4.545454545454546,4.545454545454546,4.545454545454546,4.545454545454546,4.545454545454546
3.0,1.0,0.5,Cybersecurity Researcher,0.0,0.0,0.0,0.0,0.0,0.0
3.0,1.0,0.3,Penetration Tester,19.0277275,19.0277275,19.0277275,19.0277275,19.0277275,19.0277275
3.0,1.0,0.3,Cybersecurity Implementer,19.19810181818182,19.19810181818182,19.19810181818182,19.19810181818182,19.19810181818182,19.19810181818182
3.0,1.0,0.3,Cyber Threat Intelligence Specialist,16.24454769230769,16.24454769230769,16.24454769230769,16.24454769230769,16.24454769230769,16.24454769230769
3.0,1.0,0.3,Cyber Incident Responder,11.629163076923078,11.629163076923078,11.629163076923078,11.629163076923078,11.629163076923078,11.629163076923078
3.0,1.0,0.3,Digital Forensics Investigator,11.629163076923078,11.629163076923078,11.629163076923078,11.629163076923078,11.629163076923078,11.629163076923078
3.0,1.0,0.3,Cybersecurity Risk Manager,15.0,15.0,15.0,15.0,15.0,15.0
3.0,1.0,0.3,Cybersecurity Architect,12.0,12.0,12.0,12.0,12.0,12.0
3.0,1.0,0.3,Cybersecurity Auditor,3.75,3.75,3.75,3.75,3.75,3.75
3.0,1.0,0.3,"Cyber Legal, Policy & Compliance Officer",0.0,0.0,0.0,0.0,0.0,0.0
3.0,1.0,0.3,Cybersecurity Educator,11.249999999999998,11.249999999999998,11.249999999999998,11.249999999999998,11.249999999999998,11.249999999999998
3.0,1.0,0.3,Chief Information Security Officer (CISO),2.727272727272727,2.727272727272727,2.727272727272727,2.727272727272727,2.727272727272727,2.727272727272727
3.0,1.0,0.3,Cybersecurity Researcher,0.0,0.0,0.0,0.0,0.0,0.0
3.0,1.0,0.1,Penetration Tester,6.342575833333333,6.342575833333333,6.342575833333333,6.342575833333333,6.342575833333333,6.342575833333333
3.0,1.0,0.1,Cybersecurity Implementer,6.399367272727273,6.399367272727273,6.399367272727273,6.399367272727273,6.399367272727273,6.399367272727273
3.0,1.0,0.1,Cyber Threat Intelligence Specialist,5.414849230769231,5.414849230769231,5.414849230769231,5.414849230769231,5.414849230769231,5.414849230769231
3.0,1.0,0.1,Cyber Incident Responder,3.8763876923076923,3.8763876923076923,3.8763876923076923,3.8763876923076923,3.8763876923076923,3.8763876923076923
3.0,1.0,0.1,Digital Forensics Investigator,3.8763876923076923,3.8763876923076923,3.8763876923076923,3.8763876923076923,3.8763876923076923,3.8763876923076923
3.0,1.0,0.1,Cybersecurity Risk Manager,5.000000000000001,5.000000000000001,5.000000000000001,5.000000000000001,5.000000000000001,5.000000000000001
3.0,1.0,0.1,Cybersecurity Architect,4.0,4.0,4.0,4.0,4.0,4.0
3.0,1.0,0.1,Cybersecurity Auditor,1.25,1.25,1.25,1.25,1.25,1.25
3.0,1.0,0.1,"Cyber Legal, Policy & Compliance Officer",0.0,0.0,0.0,0.0,0.0,0.0
3.0,1.0,0.1,Cybersecurity Educator,3.7500000000000004,3.7500000000000004,3.7500000000000004,3.7500000000000004,3.7500000000000004,3.7500000000000004
3.0,1.0,0.1,Chief Information Security Officer (CISO),0.9090909090909092,0.9090909090909092,0.9090909090909092,0.9090909090909092,0.9090909090909092,0.9090909090909092
3.0,1.0,0.1,Cybersecurity Researcher,0.0,0.0,0.0,0.0,0.0,0.0
